category_id,category_name,description
1,Electronics,Electronic devices and accessories
2,Computers,"Laptops, desktops and computing equipment"
3,Mobile Accessories,Accessories for smartphones and tablets
4,Office Supplies,Stationery and office essentials
5,Furniture,Office and workspace furniture
6,Networking,"Routers, switches and networking devices"
7,Storage Devices,"USB drives, SSDs and memory cards"
8,Printers,"Printers, scanners and printer accessories"
9,Audio,"Headphones, speakers and microphones"
10,Cables & Adapters,"Data, power and display cables"
