inventory_id,product_id,warehouse_id,quantity,last_updated
1,1,1,104,2026-08-31
2,2,2,73,2026-08-31
3,3,3,43,2026-08-31
4,4,4,89,2026-08-31
5,5,5,105,2026-08-31
6,6,1,5,2026-08-31
7,7,2,136,2026-08-31
8,8,3,130,2026-08-31
9,9,4,127,2026-08-31
10,10,5,116,2026-08-31
11,11,1,108,2026-08-31
12,12,2,22,2026-08-31
13,13,3,143,2026-08-31
14,14,4,62,2026-08-31
15,15,5,5,2026-08-31
16,16,1,103,2026-08-31
17,17,2,128,2026-08-31
18,18,3,36,2026-08-31
19,19,4,150,2026-08-31
20,20,5,142,2026-08-31
21,21,1,96,2026-08-31
22,22,2,90,2026-08-31
23,23,3,82,2026-08-31
24,24,4,107,2026-08-31
25,25,5,19,2026-08-31
26,26,1,28,2026-08-31
27,27,2,98,2026-08-31
28,28,3,141,2026-08-31
29,29,4,92,2026-08-31
30,30,5,25,2026-08-31
31,31,1,122,2026-08-31
32,32,2,79,2026-08-31
33,33,3,56,2026-08-31
34,34,4,50,2026-08-31
35,35,5,146,2026-08-31
36,36,1,15,2026-08-31
37,37,2,103,2026-08-31
38,38,3,53,2026-08-31
39,39,4,81,2026-08-31
40,40,5,104,2026-08-31
41,41,1,32,2026-08-31
42,42,2,96,2026-08-31
43,43,3,129,2026-08-31
44,44,4,26,2026-08-31
45,45,5,117,2026-08-31
46,46,1,53,2026-08-31
47,47,2,40,2026-08-31
48,48,3,14,2026-08-31
49,49,4,54,2026-08-31
50,50,5,11,2026-08-31
51,51,1,66,2026-08-31
52,52,2,130,2026-08-31
53,53,3,104,2026-08-31
54,54,4,21,2026-08-31
55,55,5,143,2026-08-31
56,56,1,83,2026-08-31
57,57,2,132,2026-08-31
58,58,3,141,2026-08-31
59,59,4,120,2026-08-31
60,60,5,9,2026-08-31
61,61,1,14,2026-08-31
62,62,2,91,2026-08-31
63,63,3,19,2026-08-31
64,64,4,91,2026-08-31
65,65,5,15,2026-08-31
66,66,1,108,2026-08-31
67,67,2,35,2026-08-31
68,68,3,59,2026-08-31
69,69,4,138,2026-08-31
70,70,5,122,2026-08-31
71,71,1,142,2026-08-31
72,72,2,43,2026-08-31
73,73,3,64,2026-08-31
74,74,4,23,2026-08-31
75,75,5,14,2026-08-31
76,76,1,41,2026-08-31
77,77,2,130,2026-08-31
78,78,3,9,2026-08-31
79,79,4,125,2026-08-31
80,80,5,16,2026-08-31
81,81,1,67,2026-08-31
82,82,2,38,2026-08-31
83,83,3,8,2026-08-31
84,84,4,49,2026-08-31
85,85,5,17,2026-08-31
86,86,1,83,2026-08-31
87,87,2,29,2026-08-31
88,88,3,121,2026-08-31
89,89,4,48,2026-08-31
90,90,5,21,2026-08-31
91,91,1,32,2026-08-31
92,92,2,34,2026-08-31
93,93,3,132,2026-08-31
94,94,4,61,2026-08-31
95,95,5,21,2026-08-31
96,96,1,56,2026-08-31
97,97,2,114,2026-08-31
98,98,3,91,2026-08-31
99,99,4,107,2026-08-31
100,100,5,88,2026-08-31
