purchase_order_id,supplier_id,employee_id,order_date,total_amount,status
1,41,4,2026-01-07,288189.97,Cancelled
2,39,1,2026-05-24,93115.44,Completed
3,49,26,2026-02-10,440365.64,Completed
4,47,15,2026-05-18,330138.48,Completed
5,3,22,2026-02-28,379801.13,Completed
6,45,30,2026-06-24,569220.41,Completed
7,50,25,2026-01-15,14442.12,Cancelled
8,46,11,2026-02-24,1342719.32,Pending
9,24,8,2026-02-05,438604.87,Pending
10,34,9,2026-05-22,157191.54,Completed
11,8,10,2026-04-22,20901.37,Completed
12,41,10,2026-08-04,694185.01,Completed
13,24,29,2026-08-01,95430.03,Completed
14,43,16,2026-08-31,639611.22,Completed
15,29,29,2026-05-13,274802.99,Completed
16,15,3,2026-08-20,299625.46,Completed
17,47,30,2026-08-14,613777.76,Completed
18,4,13,2026-07-06,206630.92,Completed
19,29,26,2026-08-09,175001.11,Completed
20,25,1,2026-04-10,437542.78,Completed
21,38,24,2026-05-19,7842.25,Cancelled
22,11,2,2026-05-11,11816.89,Cancelled
23,16,19,2026-06-02,252886.15,Completed
24,14,22,2026-07-03,387528.39,Cancelled
25,37,4,2026-01-19,160507.01,Cancelled
26,42,17,2026-01-03,235696.32,Completed
27,44,21,2026-08-07,288723.11,Completed
28,41,9,2026-02-11,1393661.19,Completed
29,28,5,2026-01-11,303647.9,Pending
30,40,24,2026-02-09,204432.87,Pending
31,43,28,2026-07-08,70278.54,Completed
32,13,27,2026-08-24,53064.29,Completed
33,23,21,2026-05-11,135997.41,Cancelled
34,28,12,2026-07-06,850363.9,Cancelled
35,44,24,2026-08-29,438917.1,Pending
36,21,13,2026-06-28,36690.91,Completed
37,26,18,2026-08-02,77832.64,Pending
38,44,7,2026-05-11,339961.52,Completed
39,13,5,2026-01-07,99963.55,Pending
40,32,13,2026-03-04,12285.37,Completed
41,12,26,2026-06-28,359415.4,Cancelled
42,28,27,2026-08-21,291716.63,Completed
43,18,15,2026-01-20,179804.02,Completed
44,27,14,2026-03-26,239284.69,Pending
45,27,18,2026-07-11,633426.93,Pending
46,9,20,2026-05-17,655345.54,Pending
47,12,2,2026-03-08,59798.96,Completed
48,31,1,2026-07-11,66591.86,Completed
49,9,16,2026-06-21,33516.48,Cancelled
50,48,23,2026-01-30,205769.06,Completed
51,5,19,2026-06-26,311527.08,Completed
52,33,21,2026-03-29,493975.61,Pending
53,46,5,2026-04-22,711646.35,Pending
54,28,27,2026-07-07,299345.49,Completed
55,32,7,2026-04-01,350974.18,Pending
56,32,18,2026-07-14,32800.86,Completed
57,26,23,2026-03-04,462636.49,Pending
58,18,10,2026-03-06,198988.6,Completed
59,13,7,2026-07-09,460445.21,Completed
60,20,1,2026-07-01,170136.92,Pending
61,31,15,2026-03-29,120832.84,Completed
62,37,21,2026-06-25,25861.48,Pending
63,39,20,2026-07-22,565005.62,Completed
64,49,7,2026-06-10,109562.08,Completed
65,1,14,2026-04-26,486385.01,Cancelled
66,43,26,2026-08-28,648918.29,Completed
67,5,2,2026-02-12,534676.55,Cancelled
68,35,16,2026-04-23,803212.29,Completed
69,44,27,2026-08-09,1108480.34,Pending
70,41,27,2026-05-06,88522.83,Completed
71,27,23,2026-05-07,674202.55,Pending
72,33,27,2026-01-01,447232.5,Completed
73,29,29,2026-06-28,1214927.48,Completed
74,8,15,2026-08-31,69454.47,Completed
75,27,27,2026-05-04,105497.9,Completed
76,50,26,2026-08-07,186354.62,Pending
77,35,16,2026-03-30,15199.43,Completed
78,50,14,2026-01-12,46091.44,Cancelled
79,22,28,2026-01-26,84560.07,Completed
80,22,20,2026-06-27,279733.06,Completed
81,40,3,2026-03-02,53231.52,Completed
82,21,26,2026-01-15,517189.49,Completed
83,40,28,2026-04-08,221640.25,Cancelled
84,11,3,2026-04-24,534833.05,Pending
85,7,8,2026-04-08,144643.38,Completed
86,50,26,2026-02-28,96557.56,Completed
87,47,5,2026-01-24,777435.48,Completed
88,11,9,2026-08-22,30794.45,Pending
89,36,12,2026-01-24,87922.71,Completed
90,31,1,2026-06-08,111701.48,Completed
91,20,16,2026-01-30,81607.48,Cancelled
92,27,19,2026-07-10,1010154.74,Completed
93,7,22,2026-04-05,940421.28,Cancelled
94,2,2,2026-07-21,147622.88,Completed
95,22,25,2026-02-07,97106.63,Completed
96,38,11,2026-01-05,132371.07,Completed
97,31,15,2026-07-19,868578.14,Completed
98,4,16,2026-08-05,694190.08,Completed
99,5,5,2026-03-12,71787.82,Completed
100,42,21,2026-08-13,328993.31,Completed
101,10,22,2026-08-25,122521.08,Cancelled
102,36,11,2026-06-21,1401971.12,Cancelled
103,20,12,2026-01-27,337460.1,Pending
104,36,25,2026-07-29,74567.08,Completed
105,1,6,2026-08-11,47305.74,Cancelled
106,14,13,2026-04-18,176888.84,Cancelled
107,4,22,2026-01-21,1697755.64,Pending
108,8,10,2026-06-23,605124.5,Completed
109,49,9,2026-03-16,600251.45,Completed
110,5,13,2026-08-09,2071987.79,Completed
111,11,26,2026-08-31,267802.86,Completed
112,15,11,2026-07-19,332965.31,Completed
113,23,24,2026-07-29,122980.6,Cancelled
114,49,19,2026-04-25,193018.99,Cancelled
115,4,12,2026-05-10,29865.32,Completed
116,42,28,2026-08-07,1060923.2,Completed
117,29,30,2026-07-27,194352.2,Completed
118,3,8,2026-07-01,762618.5,Completed
119,41,21,2026-03-27,459399.32,Cancelled
120,10,11,2026-01-21,232036.29,Cancelled
121,6,21,2026-06-21,2084207.16,Completed
122,10,3,2026-03-17,248530.86,Completed
123,50,20,2026-02-03,282663.86,Pending
124,15,18,2026-03-03,288779.17,Completed
125,13,26,2026-06-04,190187.45,Cancelled
126,8,10,2026-01-22,83013.44,Completed
127,29,29,2026-03-31,862308.9,Completed
128,24,8,2026-01-08,390330.23,Completed
129,49,23,2026-05-01,94614.8,Completed
130,16,10,2026-02-01,1029053.88,Completed
131,41,17,2026-05-28,46422.6,Pending
132,12,22,2026-06-21,254827.56,Cancelled
133,36,1,2026-04-10,143321.58,Completed
134,50,19,2026-07-08,217533.07,Pending
135,41,6,2026-07-27,39692.96,Completed
136,3,11,2026-08-27,1208411.58,Completed
137,18,4,2026-07-24,2021618.37,Pending
138,24,30,2026-07-24,606650.18,Completed
139,29,20,2026-07-03,961874.07,Completed
140,5,22,2026-06-13,347499.17,Completed
141,16,25,2026-06-15,382155.91,Completed
142,37,5,2026-05-16,925696.72,Pending
143,36,4,2026-03-09,62463.06,Pending
144,12,29,2026-07-02,73160.98,Completed
145,24,17,2026-02-27,11149.56,Cancelled
146,24,15,2026-07-25,139865.6,Completed
147,42,3,2026-04-26,596642.4,Completed
148,28,17,2026-08-22,230083.64,Completed
149,23,17,2026-08-18,97581.74,Completed
150,38,19,2026-02-09,223007.97,Completed
151,6,2,2026-08-31,101495.84,Completed
152,31,8,2026-07-26,431816.39,Completed
153,47,28,2026-03-30,104915.78,Completed
154,10,4,2026-01-13,833600.7,Completed
155,32,17,2026-04-30,1847077.41,Completed
156,4,2,2026-03-14,791792.49,Completed
157,47,12,2026-07-15,1044879.45,Cancelled
158,29,25,2026-05-21,114197.93,Completed
159,49,5,2026-02-20,1653368.43,Cancelled
160,21,6,2026-04-11,710128.79,Completed
161,27,19,2026-03-20,1409975.51,Completed
162,3,19,2026-08-31,2584016.05,Completed
163,46,5,2026-05-13,41830.45,Pending
164,35,11,2026-05-20,138861.75,Completed
165,20,25,2026-03-15,312348.74,Pending
166,23,25,2026-07-25,37396.05,Pending
167,42,9,2026-07-11,57779.62,Cancelled
168,15,21,2026-03-01,779655.33,Completed
169,1,18,2026-08-26,1383033.73,Completed
170,21,10,2026-06-15,37784.64,Completed
171,27,29,2026-08-03,1120539.94,Completed
172,20,19,2026-06-04,277262.49,Completed
173,33,15,2026-03-11,176091.57,Completed
174,48,11,2026-07-22,82252.76,Pending
175,43,4,2026-02-17,90739.18,Completed
176,22,10,2026-05-30,100473.74,Completed
177,45,4,2026-06-13,196689.16,Cancelled
178,31,25,2026-05-18,86416.05,Cancelled
179,33,7,2026-05-27,667748.41,Completed
180,30,5,2026-05-12,70739.0,Completed
181,48,7,2026-05-29,769071.93,Completed
182,31,2,2026-03-15,70992.09,Cancelled
183,9,21,2026-08-09,98925.83,Pending
184,44,24,2026-05-20,144890.5,Pending
185,40,25,2026-08-28,15895.7,Completed
186,16,24,2026-01-12,515480.71,Cancelled
187,21,19,2026-06-03,141017.14,Pending
188,36,16,2026-01-13,274404.99,Cancelled
189,31,8,2026-08-06,20204.32,Pending
190,36,17,2026-02-04,202596.68,Completed
191,4,9,2026-04-07,592384.21,Completed
192,48,4,2026-07-11,399390.57,Cancelled
193,42,12,2026-03-20,1490849.1,Completed
194,21,14,2026-01-12,1652743.62,Completed
195,32,18,2026-06-17,381325.98,Completed
196,34,2,2026-08-03,70775.79,Completed
197,1,7,2026-05-10,430770.41,Completed
198,34,24,2026-03-12,834463.66,Cancelled
199,17,27,2026-04-01,1452394.6,Completed
200,42,28,2026-06-16,1486461.65,Completed
