purchase_item_id,purchase_order_id,product_id,quantity,unit_cost,subtotal
1,1,36,11,2922.85,32151.35
2,1,32,39,5738.38,223796.82
3,1,29,32,705.65,22580.8
4,1,18,10,966.1,9661.0
5,2,92,39,1488.63,58056.57
6,2,84,33,1062.39,35058.87
7,3,55,18,17827.96,320903.28
8,3,44,26,935.85,24332.1
9,3,36,29,2516.98,72992.42
10,3,20,27,819.92,22137.84
11,4,49,40,6826.96,273078.4
12,4,11,28,2037.86,57060.08
13,5,11,29,1888.23,54758.67
14,5,30,28,878.3,24592.4
15,5,13,27,11127.78,300450.06
16,6,10,39,4228.28,164902.92
17,6,78,15,11885.99,178289.85
18,6,82,22,807.22,17758.84
19,6,22,40,5206.72,208268.8
20,7,5,30,376.02,11280.6
21,7,41,18,175.64,3161.52
22,8,64,14,24847.46,347864.44
23,8,51,20,46694.03,933880.6
24,8,83,39,1203.32,46929.48
25,8,59,32,438.9,14044.8
26,9,64,12,24108.02,289296.24
27,9,12,15,1630.13,24451.95
28,9,97,32,736.53,23568.96
29,9,7,29,3492.68,101287.72
30,10,88,12,668.24,8018.88
31,10,93,39,3824.94,149172.66
32,11,59,21,446.29,9372.09
33,11,1,16,720.58,11529.28
34,12,65,28,5114.16,143196.48
35,12,78,39,13359.61,521024.79
36,12,26,38,264.23,10040.74
37,12,20,25,796.92,19923.0
38,13,31,10,1648.68,16486.8
39,13,8,36,1639.23,59012.28
40,13,73,39,511.05,19930.95
41,14,22,32,6249.22,199975.04
42,14,34,39,679.99,26519.61
43,14,68,17,504.71,8580.07
44,14,78,30,13484.55,404536.5
45,15,16,9,2532.37,22791.33
46,15,32,40,5967.44,238697.6
47,15,29,19,700.74,13314.06
48,16,43,37,4484.86,165939.82
49,16,10,36,3713.49,133685.64
50,17,74,17,933.81,15874.77
51,17,61,32,2311.81,73977.92
52,17,32,31,6346.45,196739.95
53,17,53,8,40898.14,327185.12
54,18,14,17,7264.51,123496.67
55,18,32,13,6274.23,81564.99
56,18,25,22,71.33,1569.26
57,19,13,5,13406.09,67030.45
58,19,7,20,3298.95,65979.0
59,19,84,36,1034.36,37236.96
60,19,70,30,158.49,4754.7
61,20,59,40,415.35,16614.0
62,20,37,36,2192.15,78917.4
63,20,55,23,14870.06,342011.38
64,21,96,8,283.3,2266.4
65,21,41,35,159.31,5575.85
66,22,24,9,100.21,901.89
67,22,9,20,545.75,10915.0
68,23,80,31,5819.49,180404.19
69,23,11,38,1907.42,72481.96
70,24,31,13,1918.14,24935.82
71,24,34,24,632.36,15176.64
72,24,51,9,38601.77,347415.93
73,25,28,27,700.06,18901.62
74,25,65,20,4642.66,92853.2
75,25,34,15,629.32,9439.8
76,25,17,39,1008.01,39312.39
77,26,71,13,188.22,2446.86
78,26,39,11,1102.18,12123.98
79,26,85,14,6035.0,84490.0
80,26,14,18,7590.86,136635.48
81,27,65,8,4310.04,34480.32
82,27,63,32,7791.96,249342.72
83,27,33,7,700.01,4900.07
84,28,57,40,23163.12,926524.8
85,28,71,9,222.25,2000.25
86,28,91,14,565.57,7917.98
87,28,55,28,16329.22,457218.16
88,29,47,18,6690.47,120428.46
89,29,6,11,2311.44,25425.84
90,29,46,40,3944.84,157793.6
91,30,21,31,6343.91,196661.21
92,30,23,26,298.91,7771.66
93,31,35,11,1396.94,15366.34
94,31,21,7,7844.6,54912.2
95,32,45,19,1267.81,24088.39
96,32,40,17,350.08,5951.36
97,32,30,22,1046.57,23024.54
98,33,87,6,1373.11,8238.66
99,33,69,21,1838.55,38609.55
100,33,43,21,4245.2,89149.2
101,34,56,12,19425.2,233102.4
102,34,78,17,11263.42,191478.14
103,34,66,32,13305.73,425783.36
104,35,95,32,7139.23,228455.36
105,35,86,26,2060.75,53579.5
106,35,26,12,252.34,3028.08
107,35,47,24,6410.59,153854.16
108,36,71,31,208.25,6455.75
109,36,17,29,1001.72,29049.88
110,36,25,16,74.08,1185.28
111,37,39,18,1020.98,18377.64
112,37,37,25,2378.2,59455.0
113,38,95,10,7566.82,75668.2
114,38,22,26,5030.02,130780.52
115,38,85,20,6675.64,133512.8
116,39,32,9,6327.87,56950.83
117,39,61,17,2530.16,43012.72
118,40,84,5,1141.21,5706.05
119,40,89,11,598.12,6579.32
120,41,60,12,632.24,7586.88
121,41,7,34,3749.99,127499.66
122,41,72,40,180.2,7208.0
123,41,32,33,6579.42,217120.86
124,42,58,33,1127.01,37191.33
125,42,21,20,7810.89,156217.8
126,42,96,22,340.41,7489.02
127,42,61,38,2389.96,90818.48
128,43,37,25,2634.94,65873.5
129,43,31,10,1672.92,16729.2
130,43,35,19,1397.12,26545.28
131,43,43,14,5046.86,70656.04
132,44,60,31,621.54,19267.74
133,44,54,6,28753.56,172521.36
134,44,8,29,1510.46,43803.34
135,44,27,27,136.75,3692.25
136,45,70,19,135.83,2580.77
137,45,78,36,10586.37,381109.32
138,45,29,26,832.94,21656.44
139,45,63,30,7602.68,228080.4
140,46,51,6,39422.71,236536.26
141,46,76,32,13087.79,418809.28
142,47,42,25,1227.23,30680.75
143,47,28,29,603.77,17509.33
144,47,59,31,374.48,11608.88
145,48,7,9,3852.25,34670.25
146,48,45,7,1530.67,10714.69
147,48,29,20,739.13,14782.6
148,48,84,6,1070.72,6424.32
149,49,73,34,503.1,17105.4
150,49,28,28,586.11,16411.08
151,50,40,6,397.71,2386.26
152,50,14,29,7013.2,203382.8
153,51,32,24,6959.6,167030.4
154,51,14,12,7732.35,92788.2
155,51,90,7,922.56,6457.92
156,51,99,32,1414.08,45250.56
157,52,54,11,25960.47,285565.17
158,52,63,28,7443.23,208410.44
159,53,94,22,6584.64,144862.08
160,53,67,39,14532.93,566784.27
161,54,35,22,1576.51,34683.22
162,54,42,20,1359.3,27186.0
163,54,32,29,6137.47,177986.63
164,54,12,36,1652.49,59489.64
165,55,44,22,1053.69,23181.18
166,55,36,38,3112.75,118284.5
167,55,77,10,20950.85,209508.5
168,56,89,36,551.95,19870.2
169,56,61,6,2155.11,12930.66
170,57,85,35,6484.75,226966.25
171,57,75,27,784.32,21176.64
172,57,48,40,5362.34,214493.6
173,58,16,17,2517.5,42797.5
174,58,93,39,4004.9,156191.1
175,59,36,38,2866.93,108943.34
176,59,93,11,3898.5,42883.5
177,59,76,23,13418.19,308618.37
178,60,17,40,909.35,36374.0
179,60,36,13,2895.68,37643.84
180,60,6,36,2160.83,77789.88
181,60,7,5,3665.84,18329.2
182,61,7,35,3251.96,113818.6
183,61,33,9,779.36,7014.24
184,62,20,24,716.32,17191.68
185,62,73,20,433.49,8669.8
186,63,29,33,880.82,29067.06
187,63,100,24,2615.23,62765.52
188,63,67,32,12937.53,414000.96
189,63,49,8,7396.51,59172.08
190,64,34,10,584.4,5844.0
191,64,85,16,6482.38,103718.08
192,65,77,19,21212.63,403039.97
193,65,61,23,2520.95,57981.85
194,65,38,34,499.25,16974.5
195,65,5,19,441.51,8388.69
196,66,55,39,14898.49,581041.11
197,66,15,14,4848.37,67877.18
198,67,77,23,22058.47,507344.81
199,67,96,34,334.26,11364.84
200,67,73,30,532.23,15966.9
201,68,77,32,23712.54,758801.28
202,68,6,21,2114.81,44411.01
203,69,76,22,14673.67,322820.74
204,69,3,16,46851.12,749617.92
205,69,98,33,264.08,8714.64
206,69,87,16,1707.94,27327.04
207,70,61,31,2299.22,71275.82
208,70,45,11,1567.91,17247.01
209,71,85,40,5658.01,226320.4
210,71,52,10,44247.64,442476.4
211,71,98,25,216.23,5405.75
212,72,70,17,144.66,2459.22
213,72,60,36,659.24,23732.64
214,72,53,8,36294.13,290353.04
215,72,7,40,3267.19,130687.6
216,73,16,20,2777.61,55552.2
217,73,4,24,10531.37,252752.88
218,73,81,40,22665.56,906622.4
219,74,83,36,1417.56,51032.16
220,74,20,23,800.97,18422.31
221,75,32,14,6212.96,86981.44
222,75,59,37,423.78,15679.86
223,75,71,13,218.2,2836.6
224,76,44,5,982.78,4913.9
225,76,65,24,5204.1,124898.4
226,76,35,36,1570.62,56542.32
227,77,71,29,197.77,5735.33
228,77,98,25,261.3,6532.5
229,77,70,20,146.58,2931.6
230,78,96,29,310.11,8993.19
231,78,61,14,2396.4,33549.6
232,78,91,7,506.95,3548.65
233,79,13,5,12666.49,63332.45
234,79,68,31,523.64,16232.84
235,79,59,14,356.77,4994.78
236,80,84,39,1008.03,39313.17
237,80,11,25,2062.57,51564.25
238,80,43,36,5245.99,188855.64
239,81,88,10,628.65,6286.5
240,81,37,11,2555.37,28109.07
241,81,30,11,945.69,10402.59
242,81,96,24,351.39,8433.36
243,82,46,14,3369.03,47166.42
244,82,48,31,5691.49,176436.19
245,82,56,16,18349.18,293586.88
246,83,88,14,596.4,8349.6
247,83,31,21,1820.61,38232.81
248,83,64,5,29031.92,145159.6
249,83,75,34,879.36,29898.24
250,84,76,32,15084.29,482697.28
251,84,39,34,1128.91,38382.94
252,84,82,17,808.99,13752.83
253,85,46,23,3169.04,72887.92
254,85,74,30,980.61,29418.3
255,85,38,8,616.6,4932.8
256,85,90,36,1039.01,37404.36
257,86,46,21,3759.15,78942.15
258,86,29,13,824.82,10722.66
259,86,82,7,684.85,4793.95
260,86,25,33,63.6,2098.8
261,87,42,16,1183.51,18936.16
262,87,96,39,349.24,13620.36
263,87,54,28,26602.82,744878.96
264,88,38,12,554.77,6657.24
265,88,96,9,290.53,2614.77
266,88,44,19,1132.76,21522.44
267,89,2,12,1976.6,23719.2
268,89,34,21,652.71,13706.91
269,89,69,28,1803.45,50496.6
270,90,42,9,1322.5,11902.5
271,90,79,34,1939.25,65934.5
272,90,29,24,829.02,19896.48
273,90,83,12,1164.0,13968.0
274,91,31,13,1788.0,23244.0
275,91,69,28,2084.41,58363.48
276,92,20,36,822.31,29603.16
277,92,54,22,23315.22,512934.84
278,92,84,28,965.75,27041.0
279,92,13,33,13350.78,440575.74
280,93,83,22,1180.0,25960.0
281,93,46,12,4003.22,48038.64
282,93,8,34,1364.12,46380.08
283,93,51,18,45557.92,820042.56
284,94,32,18,5709.06,102763.08
285,94,17,40,888.98,35559.2
286,94,73,18,516.7,9300.6
287,95,1,39,674.37,26300.43
288,95,36,16,2526.23,40419.68
289,95,19,6,435.09,2610.54
290,95,17,27,1028.74,27775.98
291,96,34,13,677.83,8811.79
292,96,7,38,3251.56,123559.28
293,97,66,33,15213.79,502055.07
294,97,76,7,15217.23,106520.61
295,97,14,38,6842.17,260002.46
296,98,55,36,16848.76,606555.36
297,98,88,33,571.04,18844.32
298,98,14,10,6879.04,68790.4
299,99,82,25,697.79,17444.75
300,99,75,38,758.22,28812.36
301,99,71,37,205.27,7594.99
302,99,92,11,1630.52,17935.72
303,100,93,19,3521.65,66911.35
304,100,28,34,623.02,21182.68
305,100,56,11,19061.98,209681.78
306,100,58,25,1248.7,31217.5
307,101,9,10,549.68,5496.8
308,101,12,28,1637.61,45853.08
309,101,11,40,1779.28,71171.2
310,102,53,32,42806.43,1369805.76
311,102,46,8,4020.67,32165.36
312,103,65,35,4468.35,156392.25
313,103,28,11,615.25,6767.75
314,103,20,40,772.74,30909.6
315,103,85,22,6517.75,143390.5
316,104,79,6,1807.14,10842.84
317,104,87,22,1340.3,29486.6
318,104,83,22,1344.02,29568.44
319,104,72,24,194.55,4669.2
320,105,73,30,427.64,12829.2
321,105,85,6,5746.09,34476.54
322,106,44,24,1096.77,26322.48
323,106,21,10,7889.14,78891.4
324,106,48,14,5119.64,71674.96
325,107,57,36,27105.88,975811.68
326,107,85,31,6036.31,187125.61
327,107,55,37,14454.55,534818.35
328,108,76,24,12762.79,306306.96
329,108,63,30,8071.11,242133.3
330,108,68,8,420.22,3361.76
331,108,86,24,2221.77,53322.48
332,109,16,32,2425.22,77607.04
333,109,1,29,725.06,21026.74
334,109,64,19,26400.93,501617.67
335,110,6,9,2616.39,23547.51
336,110,56,32,20366.18,651717.76
337,110,3,31,44715.52,1386181.12
338,110,59,30,351.38,10541.4
339,111,59,32,433.58,13874.56
340,111,89,20,550.21,11004.2
341,111,47,30,6437.54,193126.2
342,111,12,30,1659.93,49797.9
343,112,10,12,4029.8,48357.6
344,112,66,17,16741.63,284607.71
345,113,19,17,440.09,7481.53
346,113,31,14,1958.85,27423.9
347,113,14,9,6618.13,59563.17
348,113,33,36,792.0,28512.0
349,114,73,25,522.84,13071.0
350,114,83,25,1167.58,29189.5
351,114,82,9,713.61,6422.49
352,114,80,24,6014.0,144336.0
353,115,40,33,317.68,10483.44
354,115,60,28,692.21,19381.88
355,116,79,37,1708.4,63210.8
356,116,77,40,24942.81,997712.4
357,117,84,35,1039.56,36384.6
358,117,25,8,71.11,568.88
359,117,42,26,1433.47,37270.22
360,117,78,10,12012.85,120128.5
361,118,57,15,25500.95,382514.25
362,118,68,23,465.71,10711.33
363,118,67,26,14207.42,369392.92
364,119,43,40,5013.22,200528.8
365,119,13,23,11255.24,258870.52
366,120,85,30,5805.6,174168.0
367,120,19,10,456.39,4563.9
368,120,45,29,1490.83,43234.07
369,120,40,26,387.32,10070.32
370,121,66,28,14472.93,405242.04
371,121,47,18,6146.0,110628.0
372,121,3,36,43564.92,1568337.12
373,122,65,39,5201.28,202849.92
374,122,99,38,1202.13,45680.94
375,123,49,15,7597.29,113959.35
376,123,20,7,781.39,5469.73
377,123,21,20,8044.37,160887.4
378,123,24,23,102.06,2347.38
379,124,61,33,2376.22,78415.26
380,124,25,23,77.01,1771.23
381,124,48,37,5637.64,208592.68
382,125,33,35,873.95,30588.25
383,125,7,40,3989.98,159599.2
384,126,35,37,1312.32,48555.84
385,126,58,32,1076.8,34457.6
386,127,54,30,26412.45,792373.5
387,127,7,20,3496.77,69935.4
388,128,13,26,12873.28,334705.28
389,128,92,13,1343.85,17470.05
390,128,84,35,1090.14,38154.9
391,129,79,6,1651.86,9911.16
392,129,1,14,727.98,10191.72
393,129,11,38,1960.84,74511.92
394,130,31,34,1638.18,55698.12
395,130,54,36,27037.66,973355.76
396,131,92,23,1492.32,34323.36
397,131,19,27,448.12,12099.24
398,132,68,9,533.52,4801.68
399,132,47,39,6410.92,250025.88
400,133,6,28,2251.44,63040.32
401,133,82,6,693.51,4161.06
402,133,50,9,8457.8,76120.2
403,134,18,39,997.25,38892.75
404,134,6,16,2597.36,41557.76
405,134,46,34,4031.84,137082.56
406,135,9,34,494.47,16811.98
407,135,92,17,1345.94,22880.98
408,136,66,35,14261.84,499164.4
409,136,51,17,41646.46,707989.82
410,136,70,8,157.17,1257.36
411,137,56,33,21972.31,725086.23
412,137,52,29,44532.06,1291429.74
413,137,96,16,318.9,5102.4
414,138,35,10,1414.23,14142.3
415,138,11,16,2021.93,32350.88
416,138,94,25,5763.44,144086.0
417,138,55,25,16642.84,416071.0
418,139,22,27,5525.19,149180.13
419,139,89,27,575.26,15532.02
420,139,57,32,24911.31,797161.92
421,140,47,15,7123.57,106853.55
422,140,66,14,16524.07,231336.98
423,140,96,33,282.08,9308.64
424,141,47,7,6567.33,45971.31
425,141,50,33,9786.52,322955.16
426,141,73,28,472.48,13229.44
427,142,51,22,41244.98,907389.56
428,142,41,12,140.33,1683.96
429,142,84,16,1038.95,16623.2
430,143,91,23,586.32,13485.36
431,143,58,36,1109.31,39935.16
432,143,28,13,695.58,9042.54
433,144,12,27,1598.78,43167.06
434,144,88,40,645.94,25837.6
435,144,41,24,173.18,4156.32
436,145,26,20,256.56,5131.2
437,145,18,6,1003.06,6018.36
438,146,17,24,934.78,22434.72
439,146,79,35,1770.5,61967.5
440,146,12,31,1642.0,50902.0
441,146,9,9,506.82,4561.38
442,147,88,13,699.6,9094.8
443,147,67,40,14074.47,562978.8
444,147,45,16,1535.55,24568.8
445,148,16,14,2509.96,35139.44
446,148,67,15,12996.28,194944.2
447,149,11,40,1886.47,75458.8
448,149,33,24,822.06,19729.44
449,149,26,10,239.35,2393.5
450,150,85,26,6947.18,180626.68
451,150,80,7,6054.47,42381.29
452,151,99,18,1449.91,26098.38
453,151,74,31,1069.88,33166.28
454,151,34,6,638.89,3833.34
455,151,84,39,984.56,38397.84
456,152,52,8,42433.0,339464.0
457,152,39,31,1035.11,32088.41
458,152,59,18,383.25,6898.5
459,152,10,14,3811.82,53365.48
460,153,17,37,973.98,36037.26
461,153,98,25,223.76,5594.0
462,153,48,12,5273.71,63284.52
463,154,50,20,9817.02,196340.4
464,154,79,15,1897.07,28456.05
465,154,54,25,24352.17,608804.25
466,155,40,10,399.18,3991.8
467,155,64,37,26116.93,966326.41
468,155,3,20,43837.96,876759.2
469,156,77,35,21199.43,741980.05
470,156,84,5,1129.4,5647.0
471,156,87,32,1380.17,44165.44
472,157,47,8,6511.64,52093.12
473,157,6,17,2316.74,39384.58
474,157,52,23,41452.25,953401.75
475,158,80,12,5079.4,60952.8
476,158,88,11,622.25,6844.75
477,158,79,26,1784.63,46400.38
478,159,66,7,13447.17,94130.19
479,159,52,26,49925.14,1298053.64
480,159,65,38,4747.59,180408.42
481,159,6,37,2183.14,80776.18
482,160,95,37,8655.71,320261.27
483,160,39,39,1036.56,40425.84
484,160,76,24,14308.82,343411.68
485,160,44,6,1005.0,6030.0
486,161,89,35,526.42,18424.7
487,161,81,19,24483.28,465182.32
488,161,4,35,9542.6,333991.0
489,161,77,29,20426.81,592377.49
490,162,15,25,4309.87,107746.75
491,162,25,31,75.43,2338.33
492,162,3,31,47220.67,1463840.77
493,162,57,35,28859.72,1010090.2
494,163,72,35,177.12,6199.2
495,163,42,25,1425.25,35631.25
496,164,87,21,1561.01,32781.21
497,164,99,17,1514.6,25748.2
498,164,93,22,3651.47,80332.34
499,165,27,25,143.27,3581.75
500,165,89,40,619.83,24793.2
501,165,91,22,529.53,11649.66
502,165,63,39,6982.67,272324.13
503,166,38,23,622.85,14325.55
504,166,6,10,2307.05,23070.5
505,167,28,22,708.4,15584.8
506,167,26,22,217.51,4785.22
507,167,69,20,1870.48,37409.6
508,168,13,26,12651.23,328931.98
509,168,53,11,40974.85,450723.35
510,169,53,35,38978.2,1364237.0
511,169,84,17,1105.69,18796.73
512,170,99,19,1371.14,26051.66
513,170,12,7,1676.14,11732.98
514,171,5,36,367.89,13244.04
515,171,51,23,48143.3,1107295.9
516,172,43,34,5386.02,183124.68
517,172,37,39,2413.79,94137.81
518,173,15,15,4653.38,69800.7
519,173,43,21,5061.47,106290.87
520,174,73,17,440.32,7485.44
521,174,87,30,1643.39,49301.7
522,174,97,37,688.26,25465.62
523,175,62,20,2804.76,56095.2
524,175,42,29,1194.62,34643.98
525,176,74,28,1089.28,30499.84
526,176,2,8,2083.06,16664.48
527,176,34,34,608.33,20683.22
528,176,84,30,1087.54,32626.2
529,177,48,19,6239.41,118548.79
530,177,79,35,1606.67,56233.45
531,177,29,28,782.39,21906.92
532,178,28,10,643.28,6432.8
533,178,98,38,251.39,9552.82
534,178,32,9,7066.71,63600.39
535,178,88,12,569.17,6830.04
536,179,20,33,722.52,23843.16
537,179,22,18,5902.84,106251.12
538,179,42,36,1148.38,41341.68
539,179,67,37,13413.85,496312.45
540,180,59,40,395.45,15818.0
541,180,73,24,505.95,12142.8
542,180,8,30,1425.94,42778.2
543,181,6,27,2519.39,68023.53
544,181,55,39,17975.6,701048.4
545,182,24,31,92.99,2882.69
546,182,99,29,1341.71,38909.59
547,182,18,29,1006.89,29199.81
548,183,16,30,2658.23,79746.9
549,183,23,19,302.57,5748.83
550,183,69,6,2238.35,13430.1
551,184,69,20,1979.52,39590.4
552,184,49,14,6795.41,95135.74
553,184,30,12,847.03,10164.36
554,185,31,9,1655.69,14901.21
555,185,27,7,142.07,994.49
556,186,57,18,28078.09,505405.62
557,186,30,8,872.9,6983.2
558,186,70,23,134.43,3091.89
559,187,42,38,1189.99,45219.62
560,187,31,24,1735.82,41659.68
561,187,39,40,1155.73,46229.2
562,187,19,16,494.29,7908.64
563,188,83,38,1221.23,46406.74
564,188,86,31,1953.35,60553.85
565,188,49,24,6976.85,167444.4
566,189,39,14,1118.64,15660.96
567,189,91,8,567.92,4543.36
568,190,32,26,6633.9,172481.4
569,190,33,33,868.56,28662.48
570,190,27,10,145.28,1452.8
571,191,78,40,11150.31,446012.4
572,191,6,18,2620.81,47174.58
573,191,10,26,3802.43,98863.18
574,191,25,5,66.81,334.05
575,192,32,18,6233.83,112208.94
576,192,90,20,971.69,19433.8
577,192,78,23,11641.21,267747.83
578,193,47,34,5757.05,195739.7
579,193,66,35,16193.34,566766.9
580,193,64,25,29133.7,728342.5
581,194,29,21,809.85,17006.85
582,194,95,31,7589.63,235278.53
583,194,19,17,458.82,7799.94
584,194,3,29,48022.7,1392658.3
585,195,44,36,1029.02,37044.72
586,195,33,27,733.12,19794.24
587,195,98,39,238.5,9301.5
588,195,63,39,8081.68,315185.52
589,196,86,5,1955.41,9777.05
590,196,7,19,3210.46,60998.74
591,197,48,35,5822.17,203775.95
592,197,8,6,1331.81,7990.86
593,197,80,40,5475.09,219003.6
594,198,37,32,2582.84,82650.88
595,198,3,16,42562.07,680993.12
596,198,65,11,4828.46,53113.06
597,198,90,20,885.33,17706.6
598,199,51,30,43548.18,1306445.4
599,199,11,20,2244.22,44884.4
600,199,48,19,5319.2,101064.8
601,200,12,29,1472.55,42703.95
602,200,52,35,41250.22,1443757.7
