sales_item_id,sales_order_id,product_id,quantity,unit_price,subtotal
1,1,83,2,1599.0,3198.0
2,1,43,1,5999.0,5999.0
3,2,73,1,599.0,599.0
4,2,61,2,2999.0,5998.0
5,2,35,5,1799.0,8995.0
6,3,41,1,199.0,199.0
7,4,51,3,54999.0,164997.0
8,4,10,4,4999.0,19996.0
9,4,39,7,1299.0,9093.0
10,5,18,2,1299.0,2598.0
11,5,89,6,699.0,4194.0
12,5,93,1,4499.0,4499.0
13,6,44,7,1299.0,9093.0
14,7,63,6,8999.0,53994.0
15,7,30,7,1199.0,8393.0
16,8,49,5,8999.0,44995.0
17,8,11,4,2499.0,9996.0
18,8,99,2,1699.0,3398.0
19,9,82,7,899.0,6293.0
20,9,20,6,999.0,5994.0
21,9,95,6,9999.0,59994.0
22,10,57,5,32999.0,164995.0
23,10,47,2,7999.0,15998.0
24,11,72,7,220.0,1540.0
25,11,66,2,18999.0,37998.0
26,12,77,6,27999.0,167994.0
27,13,100,4,2999.0,11996.0
28,13,11,3,2499.0,7497.0
29,14,35,3,1799.0,5397.0
30,14,64,2,32999.0,65998.0
31,15,62,6,3999.0,23994.0
32,15,10,5,4999.0,24995.0
33,16,59,2,499.0,998.0
34,17,43,7,5999.0,41993.0
35,17,80,6,6999.0,41994.0
36,18,77,6,27999.0,167994.0
37,18,18,4,1299.0,5196.0
38,18,39,8,1299.0,10392.0
39,19,95,8,9999.0,79992.0
40,19,89,4,699.0,2796.0
41,20,47,4,7999.0,31996.0
42,20,15,3,5499.0,16497.0
43,21,27,2,180.0,360.0
44,21,57,7,32999.0,230993.0
45,21,38,8,699.0,5592.0
46,22,20,7,999.0,6993.0
47,22,92,2,1899.0,3798.0
48,22,55,8,19999.0,159992.0
49,23,65,1,5999.0,5999.0
50,23,89,6,699.0,4194.0
51,23,54,2,32999.0,65998.0
52,24,22,1,6999.0,6999.0
53,24,83,7,1599.0,11193.0
54,25,34,4,799.0,3196.0
55,26,74,6,1299.0,7794.0
56,26,29,7,999.0,6993.0
57,26,58,8,1499.0,11992.0
58,27,62,2,3999.0,7998.0
59,28,94,3,7999.0,23997.0
60,29,67,8,16999.0,135992.0
61,30,90,2,1199.0,2398.0
62,30,58,5,1499.0,7495.0
63,30,41,1,199.0,199.0
64,31,14,4,8999.0,35996.0
65,31,87,3,1899.0,5697.0
66,31,22,3,6999.0,20997.0
67,32,52,3,57999.0,173997.0
68,33,79,7,2199.0,15393.0
69,33,26,7,299.0,2093.0
70,33,58,1,1499.0,1499.0
71,34,9,3,699.0,2097.0
72,34,74,6,1299.0,7794.0
73,34,14,6,8999.0,53994.0
74,35,63,6,8999.0,53994.0
75,35,68,7,599.0,4193.0
76,35,82,7,899.0,6293.0
77,36,80,5,6999.0,34995.0
78,36,23,2,349.0,698.0
79,37,15,6,5499.0,32994.0
80,37,24,3,120.0,360.0
81,38,74,7,1299.0,9093.0
82,39,89,3,699.0,2097.0
83,39,83,8,1599.0,12792.0
84,39,23,5,349.0,1745.0
85,40,80,6,6999.0,41994.0
86,40,7,1,4499.0,4499.0
87,41,72,8,220.0,1760.0
88,41,65,7,5999.0,41993.0
89,42,63,2,8999.0,17998.0
90,42,22,1,6999.0,6999.0
91,43,69,5,2499.0,12495.0
92,44,71,2,250.0,500.0
93,44,66,2,18999.0,37998.0
94,45,97,8,899.0,7192.0
95,45,6,4,2999.0,11996.0
96,45,98,7,299.0,2093.0
97,46,58,5,1499.0,7495.0
98,47,100,4,2999.0,11996.0
99,48,79,3,2199.0,6597.0
100,48,81,3,28999.0,86997.0
101,48,55,4,19999.0,79996.0
102,49,36,3,3499.0,10497.0
103,49,77,6,27999.0,167994.0
104,49,69,5,2499.0,12495.0
105,50,87,7,1899.0,13293.0
106,50,13,1,14999.0,14999.0
107,50,18,5,1299.0,6495.0
108,51,42,7,1599.0,11193.0
109,51,32,8,7999.0,63992.0
110,51,98,3,299.0,897.0
111,52,58,2,1499.0,2998.0
112,52,10,7,4999.0,34993.0
113,53,59,6,499.0,2994.0
114,53,63,1,8999.0,8999.0
115,54,46,7,4499.0,31493.0
116,54,9,4,699.0,2796.0
117,54,69,7,2499.0,17493.0
118,55,44,3,1299.0,3897.0
119,55,71,8,250.0,2000.0
120,56,59,3,499.0,1497.0
121,56,3,8,58999.0,471992.0
122,56,16,8,3299.0,26392.0
123,57,84,5,1299.0,6495.0
124,58,33,6,999.0,5994.0
125,58,11,3,2499.0,7497.0
126,59,90,7,1199.0,8393.0
127,59,97,2,899.0,1798.0
128,59,30,2,1199.0,2398.0
129,60,76,4,17999.0,71996.0
130,61,44,3,1299.0,3897.0
131,61,16,8,3299.0,26392.0
132,61,55,2,19999.0,39998.0
133,62,14,6,8999.0,53994.0
134,63,83,3,1599.0,4797.0
135,64,84,6,1299.0,7794.0
136,64,22,4,6999.0,27996.0
137,64,57,3,32999.0,98997.0
138,65,13,3,14999.0,44997.0
139,66,55,3,19999.0,59997.0
140,66,41,4,199.0,796.0
141,67,77,5,27999.0,139995.0
142,67,93,1,4499.0,4499.0
143,67,78,5,14999.0,74995.0
144,68,96,7,399.0,2793.0
145,69,64,7,32999.0,230993.0
146,70,10,6,4999.0,29994.0
147,70,68,6,599.0,3594.0
148,70,2,3,2499.0,7497.0
149,71,88,8,799.0,6392.0
150,71,23,2,349.0,698.0
151,71,98,1,299.0,299.0
152,72,6,1,2999.0,2999.0
153,73,65,7,5999.0,41993.0
154,73,99,7,1699.0,11893.0
155,73,54,2,32999.0,65998.0
156,74,11,2,2499.0,4998.0
157,74,40,4,449.0,1796.0
158,75,82,2,899.0,1798.0
159,75,98,5,299.0,1495.0
160,75,84,7,1299.0,9093.0
161,76,15,1,5499.0,5499.0
162,76,59,5,499.0,2495.0
163,77,90,1,1199.0,1199.0
164,78,93,6,4499.0,26994.0
165,78,34,3,799.0,2397.0
166,78,22,5,6999.0,34995.0
167,79,35,2,1799.0,3598.0
168,79,68,5,599.0,2995.0
169,80,47,3,7999.0,23997.0
170,80,8,6,1899.0,11394.0
171,80,64,3,32999.0,98997.0
172,81,93,1,4499.0,4499.0
173,81,15,1,5499.0,5499.0
174,81,30,1,1199.0,1199.0
175,82,20,1,999.0,999.0
176,82,23,7,349.0,2443.0
177,83,41,6,199.0,1194.0
178,83,35,2,1799.0,3598.0
179,83,10,1,4999.0,4999.0
180,84,52,2,57999.0,115998.0
181,85,42,8,1599.0,12792.0
182,85,12,1,1899.0,1899.0
183,86,95,4,9999.0,39996.0
184,86,80,8,6999.0,55992.0
185,87,94,4,7999.0,31996.0
186,88,30,6,1199.0,7194.0
187,89,49,5,8999.0,44995.0
188,89,95,2,9999.0,19998.0
189,89,94,4,7999.0,31996.0
190,90,19,5,599.0,2995.0
191,91,53,8,48999.0,391992.0
192,91,90,2,1199.0,2398.0
193,91,48,2,6999.0,13998.0
194,92,10,1,4999.0,4999.0
195,92,76,7,17999.0,125993.0
196,93,51,6,54999.0,329994.0
197,93,90,6,1199.0,7194.0
198,94,18,2,1299.0,2598.0
199,95,41,2,199.0,398.0
200,95,53,6,48999.0,293994.0
201,96,16,3,3299.0,9897.0
202,96,12,5,1899.0,9495.0
203,97,19,4,599.0,2396.0
204,97,12,6,1899.0,11394.0
205,98,34,1,799.0,799.0
206,98,23,7,349.0,2443.0
207,99,13,8,14999.0,119992.0
208,100,100,4,2999.0,11996.0
209,101,88,2,799.0,1598.0
210,101,81,5,28999.0,144995.0
211,102,57,6,32999.0,197994.0
212,102,17,2,1199.0,2398.0
213,102,12,1,1899.0,1899.0
214,103,56,8,24999.0,199992.0
215,103,93,1,4499.0,4499.0
216,103,51,7,54999.0,384993.0
217,104,36,5,3499.0,17495.0
218,105,79,5,2199.0,10995.0
219,105,32,8,7999.0,63992.0
220,105,83,7,1599.0,11193.0
221,106,50,7,10999.0,76993.0
222,106,18,4,1299.0,5196.0
223,107,3,6,58999.0,353994.0
224,107,49,8,8999.0,71992.0
225,107,92,8,1899.0,15192.0
226,108,35,1,1799.0,1799.0
227,108,24,6,120.0,720.0
228,109,8,6,1899.0,11394.0
229,109,61,4,2999.0,11996.0
230,110,35,1,1799.0,1799.0
231,111,46,3,4499.0,13497.0
232,111,23,4,349.0,1396.0
233,112,46,6,4499.0,26994.0
234,112,76,3,17999.0,53997.0
235,112,4,4,12999.0,51996.0
236,113,5,1,499.0,499.0
237,113,12,4,1899.0,7596.0
238,114,1,4,899.0,3596.0
239,114,43,3,5999.0,17997.0
240,115,8,3,1899.0,5697.0
241,115,3,3,58999.0,176997.0
242,116,48,7,6999.0,48993.0
243,117,18,7,1299.0,9093.0
244,117,21,8,8999.0,71992.0
245,118,79,3,2199.0,6597.0
246,118,46,7,4499.0,31493.0
247,118,29,5,999.0,4995.0
248,119,90,7,1199.0,8393.0
249,120,79,2,2199.0,4398.0
250,120,29,8,999.0,7992.0
251,121,45,6,1799.0,10794.0
252,122,82,8,899.0,7192.0
253,122,94,1,7999.0,7999.0
254,122,43,5,5999.0,29995.0
255,123,33,1,999.0,999.0
256,123,14,1,8999.0,8999.0
257,124,53,8,48999.0,391992.0
258,125,62,4,3999.0,15996.0
259,126,38,1,699.0,699.0
260,127,22,3,6999.0,20997.0
261,127,49,2,8999.0,17998.0
262,128,62,7,3999.0,27993.0
263,128,91,3,699.0,2097.0
264,128,4,7,12999.0,90993.0
265,129,25,7,90.0,630.0
266,130,39,2,1299.0,2598.0
267,130,31,1,2299.0,2299.0
268,131,20,6,999.0,5994.0
269,131,7,1,4499.0,4499.0
270,132,81,4,28999.0,115996.0
271,132,77,2,27999.0,55998.0
272,132,62,1,3999.0,3999.0
273,133,61,2,2999.0,5998.0
274,134,34,7,799.0,5593.0
275,134,12,3,1899.0,5697.0
276,134,83,6,1599.0,9594.0
277,135,34,8,799.0,6392.0
278,136,73,3,599.0,1797.0
279,136,8,2,1899.0,3798.0
280,137,97,4,899.0,3596.0
281,137,76,1,17999.0,17999.0
282,138,61,8,2999.0,23992.0
283,138,74,5,1299.0,6495.0
284,138,31,2,2299.0,4598.0
285,139,74,3,1299.0,3897.0
286,139,87,2,1899.0,3798.0
287,139,80,8,6999.0,55992.0
288,140,17,1,1199.0,1199.0
289,141,81,3,28999.0,86997.0
290,142,9,7,699.0,4893.0
291,142,12,6,1899.0,11394.0
292,142,50,5,10999.0,54995.0
293,143,90,7,1199.0,8393.0
294,144,76,2,17999.0,35998.0
295,144,75,2,999.0,1998.0
296,144,98,2,299.0,598.0
297,145,34,8,799.0,6392.0
298,145,50,8,10999.0,87992.0
299,146,80,7,6999.0,48993.0
300,147,89,1,699.0,699.0
301,147,31,8,2299.0,18392.0
302,148,40,8,449.0,3592.0
303,148,36,2,3499.0,6998.0
304,149,100,5,2999.0,14995.0
305,149,42,7,1599.0,11193.0
306,150,53,8,48999.0,391992.0
307,151,21,7,8999.0,62993.0
308,151,9,3,699.0,2097.0
309,151,40,1,449.0,449.0
310,152,8,4,1899.0,7596.0
311,153,91,5,699.0,3495.0
312,153,26,6,299.0,1794.0
313,154,88,1,799.0,799.0
314,155,23,6,349.0,2094.0
315,155,61,6,2999.0,17994.0
316,156,12,7,1899.0,13293.0
317,156,37,1,2999.0,2999.0
318,156,4,3,12999.0,38997.0
319,157,29,5,999.0,4995.0
320,157,87,7,1899.0,13293.0
321,157,27,1,180.0,180.0
322,158,23,4,349.0,1396.0
323,158,77,5,27999.0,139995.0
324,158,2,5,2499.0,12495.0
325,159,59,4,499.0,1996.0
326,159,33,8,999.0,7992.0
327,160,75,1,999.0,999.0
328,160,14,6,8999.0,53994.0
329,161,88,8,799.0,6392.0
330,161,14,2,8999.0,17998.0
331,162,34,5,799.0,3995.0
332,162,84,4,1299.0,5196.0
333,163,77,7,27999.0,195993.0
334,164,64,7,32999.0,230993.0
335,164,38,7,699.0,4893.0
336,164,34,7,799.0,5593.0
337,165,44,4,1299.0,5196.0
338,166,46,3,4499.0,13497.0
339,166,65,3,5999.0,17997.0
340,166,39,5,1299.0,6495.0
341,167,93,3,4499.0,13497.0
342,167,72,6,220.0,1320.0
343,168,40,6,449.0,2694.0
344,168,54,5,32999.0,164995.0
345,168,43,5,5999.0,29995.0
346,169,75,8,999.0,7992.0
347,169,80,4,6999.0,27996.0
348,169,10,2,4999.0,9998.0
349,170,20,3,999.0,2997.0
350,171,19,3,599.0,1797.0
351,171,41,2,199.0,398.0
352,172,82,1,899.0,899.0
353,172,8,8,1899.0,15192.0
354,173,74,3,1299.0,3897.0
355,174,82,7,899.0,6293.0
356,174,55,7,19999.0,139993.0
357,175,26,1,299.0,299.0
358,175,94,6,7999.0,47994.0
359,175,48,4,6999.0,27996.0
360,176,29,6,999.0,5994.0
361,177,76,2,17999.0,35998.0
362,177,40,1,449.0,449.0
363,177,22,5,6999.0,34995.0
364,178,68,3,599.0,1797.0
365,178,44,6,1299.0,7794.0
366,178,56,8,24999.0,199992.0
367,179,3,4,58999.0,235996.0
368,179,30,3,1199.0,3597.0
369,180,16,6,3299.0,19794.0
370,181,99,1,1699.0,1699.0
371,181,69,1,2499.0,2499.0
372,182,54,8,32999.0,263992.0
373,183,90,4,1199.0,4796.0
374,183,20,1,999.0,999.0
375,184,67,3,16999.0,50997.0
376,184,35,7,1799.0,12593.0
377,184,80,2,6999.0,13998.0
378,185,64,4,32999.0,131996.0
379,186,26,7,299.0,2093.0
380,186,46,5,4499.0,22495.0
381,186,91,3,699.0,2097.0
382,187,89,8,699.0,5592.0
383,188,12,8,1899.0,15192.0
384,188,15,3,5499.0,16497.0
385,188,74,2,1299.0,2598.0
386,189,33,4,999.0,3996.0
387,190,13,3,14999.0,44997.0
388,191,41,2,199.0,398.0
389,191,55,2,19999.0,39998.0
390,191,95,1,9999.0,9999.0
391,192,43,6,5999.0,35994.0
392,193,48,6,6999.0,41994.0
393,194,35,8,1799.0,14392.0
394,194,50,7,10999.0,76993.0
395,195,8,7,1899.0,13293.0
396,195,21,8,8999.0,71992.0
397,195,14,8,8999.0,71992.0
398,196,4,3,12999.0,38997.0
399,196,88,8,799.0,6392.0
400,196,94,8,7999.0,63992.0
401,197,34,6,799.0,4794.0
402,198,93,6,4499.0,26994.0
403,198,73,2,599.0,1198.0
404,198,29,7,999.0,6993.0
405,199,83,1,1599.0,1599.0
406,199,50,1,10999.0,10999.0
407,199,20,3,999.0,2997.0
408,200,10,8,4999.0,39992.0
409,201,65,4,5999.0,23996.0
410,202,11,8,2499.0,19992.0
411,203,58,2,1499.0,2998.0
412,203,41,8,199.0,1592.0
413,204,72,1,220.0,220.0
414,205,66,4,18999.0,75996.0
415,205,72,8,220.0,1760.0
416,206,59,6,499.0,2994.0
417,207,47,2,7999.0,15998.0
418,207,92,2,1899.0,3798.0
419,207,58,4,1499.0,5996.0
420,208,38,6,699.0,4194.0
421,208,71,2,250.0,500.0
422,208,67,1,16999.0,16999.0
423,209,96,2,399.0,798.0
424,209,93,5,4499.0,22495.0
425,209,53,4,48999.0,195996.0
426,210,28,4,799.0,3196.0
427,210,59,6,499.0,2994.0
428,211,87,8,1899.0,15192.0
429,211,76,8,17999.0,143992.0
430,211,16,3,3299.0,9897.0
431,212,71,7,250.0,1750.0
432,213,89,3,699.0,2097.0
433,214,78,7,14999.0,104993.0
434,214,42,7,1599.0,11193.0
435,214,65,4,5999.0,23996.0
436,215,18,5,1299.0,6495.0
437,215,53,6,48999.0,293994.0
438,216,92,6,1899.0,11394.0
439,216,38,3,699.0,2097.0
440,216,88,3,799.0,2397.0
441,217,91,6,699.0,4194.0
442,217,15,8,5499.0,43992.0
443,218,87,5,1899.0,9495.0
444,218,96,7,399.0,2793.0
445,219,19,1,599.0,599.0
446,219,7,4,4499.0,17996.0
447,220,19,5,599.0,2995.0
448,220,8,4,1899.0,7596.0
449,221,14,4,8999.0,35996.0
450,221,79,7,2199.0,15393.0
451,222,37,1,2999.0,2999.0
452,222,89,7,699.0,4893.0
453,222,86,7,2499.0,17493.0
454,223,96,5,399.0,1995.0
455,224,91,4,699.0,2796.0
456,224,83,4,1599.0,6396.0
457,224,48,5,6999.0,34995.0
458,225,23,2,349.0,698.0
459,226,34,5,799.0,3995.0
460,226,17,1,1199.0,1199.0
461,226,21,6,8999.0,53994.0
462,227,77,5,27999.0,139995.0
463,227,7,8,4499.0,35992.0
464,228,41,3,199.0,597.0
465,228,68,2,599.0,1198.0
466,228,29,3,999.0,2997.0
467,229,45,4,1799.0,7196.0
468,230,28,8,799.0,6392.0
469,230,97,1,899.0,899.0
470,231,79,1,2199.0,2199.0
471,231,80,6,6999.0,41994.0
472,231,32,7,7999.0,55993.0
473,232,37,6,2999.0,17994.0
474,232,4,8,12999.0,103992.0
475,232,67,8,16999.0,135992.0
476,233,42,2,1599.0,3198.0
477,234,1,4,899.0,3596.0
478,234,81,4,28999.0,115996.0
479,234,9,7,699.0,4893.0
480,235,95,2,9999.0,19998.0
481,235,100,3,2999.0,8997.0
482,235,56,1,24999.0,24999.0
483,236,7,3,4499.0,13497.0
484,237,34,7,799.0,5593.0
485,238,41,7,199.0,1393.0
486,238,3,2,58999.0,117998.0
487,239,9,1,699.0,699.0
488,239,97,2,899.0,1798.0
489,239,96,6,399.0,2394.0
490,240,39,5,1299.0,6495.0
491,240,78,8,14999.0,119992.0
492,240,12,7,1899.0,13293.0
493,241,29,7,999.0,6993.0
494,241,18,5,1299.0,6495.0
495,241,96,3,399.0,1197.0
496,242,19,1,599.0,599.0
497,242,16,7,3299.0,23093.0
498,242,6,2,2999.0,5998.0
499,243,45,3,1799.0,5397.0
500,243,28,3,799.0,2397.0
501,243,53,3,48999.0,146997.0
502,244,86,1,2499.0,2499.0
503,245,38,2,699.0,1398.0
504,246,63,3,8999.0,26997.0
505,246,43,4,5999.0,23996.0
506,246,46,2,4499.0,8998.0
507,247,63,6,8999.0,53994.0
508,247,58,5,1499.0,7495.0
509,248,41,3,199.0,597.0
510,248,55,1,19999.0,19999.0
511,249,95,5,9999.0,49995.0
512,249,83,6,1599.0,9594.0
513,249,56,3,24999.0,74997.0
514,250,100,8,2999.0,23992.0
515,250,40,2,449.0,898.0
516,251,18,4,1299.0,5196.0
517,251,69,5,2499.0,12495.0
518,252,81,7,28999.0,202993.0
519,252,4,4,12999.0,51996.0
520,252,75,1,999.0,999.0
521,253,61,3,2999.0,8997.0
522,253,84,6,1299.0,7794.0
523,253,100,7,2999.0,20993.0
524,254,18,2,1299.0,2598.0
525,254,60,7,799.0,5593.0
526,255,79,3,2199.0,6597.0
527,256,73,3,599.0,1797.0
528,257,30,5,1199.0,5995.0
529,257,9,6,699.0,4194.0
530,258,47,8,7999.0,63992.0
531,258,50,1,10999.0,10999.0
532,258,61,1,2999.0,2999.0
533,259,36,3,3499.0,10497.0
534,259,95,7,9999.0,69993.0
535,259,34,7,799.0,5593.0
536,260,67,5,16999.0,84995.0
537,261,45,8,1799.0,14392.0
538,261,63,1,8999.0,8999.0
539,262,10,5,4999.0,24995.0
540,263,78,2,14999.0,29998.0
541,263,92,4,1899.0,7596.0
542,264,87,8,1899.0,15192.0
543,264,62,4,3999.0,15996.0
544,265,3,1,58999.0,58999.0
545,265,32,3,7999.0,23997.0
546,266,66,3,18999.0,56997.0
547,266,6,1,2999.0,2999.0
548,266,74,3,1299.0,3897.0
549,267,73,5,599.0,2995.0
550,267,82,2,899.0,1798.0
551,267,3,4,58999.0,235996.0
552,268,22,7,6999.0,48993.0
553,268,29,3,999.0,2997.0
554,269,34,6,799.0,4794.0
555,269,22,8,6999.0,55992.0
556,269,93,2,4499.0,8998.0
557,270,3,4,58999.0,235996.0
558,271,78,2,14999.0,29998.0
559,272,5,2,499.0,998.0
560,272,69,2,2499.0,4998.0
561,272,65,8,5999.0,47992.0
562,273,100,7,2999.0,20993.0
563,274,90,7,1199.0,8393.0
564,275,45,2,1799.0,3598.0
565,275,76,7,17999.0,125993.0
566,276,11,5,2499.0,12495.0
567,277,1,1,899.0,899.0
568,278,49,4,8999.0,35996.0
569,279,55,5,19999.0,99995.0
570,280,79,7,2199.0,15393.0
571,280,36,4,3499.0,13996.0
572,281,23,8,349.0,2792.0
573,281,48,5,6999.0,34995.0
574,282,51,2,54999.0,109998.0
575,282,95,4,9999.0,39996.0
576,282,18,8,1299.0,10392.0
577,283,44,1,1299.0,1299.0
578,283,71,3,250.0,750.0
579,284,61,7,2999.0,20993.0
580,285,11,1,2499.0,2499.0
581,285,78,7,14999.0,104993.0
582,286,8,8,1899.0,15192.0
583,286,100,8,2999.0,23992.0
584,286,23,1,349.0,349.0
585,287,77,4,27999.0,111996.0
586,288,31,1,2299.0,2299.0
587,288,84,3,1299.0,3897.0
588,289,86,7,2499.0,17493.0
589,289,51,4,54999.0,219996.0
590,290,12,5,1899.0,9495.0
591,291,29,4,999.0,3996.0
592,291,78,8,14999.0,119992.0
593,292,53,2,48999.0,97998.0
594,293,15,5,5499.0,27495.0
595,293,66,5,18999.0,94995.0
596,294,97,6,899.0,5394.0
597,295,62,2,3999.0,7998.0
598,296,87,4,1899.0,7596.0
599,297,2,4,2499.0,9996.0
600,297,90,5,1199.0,5995.0
601,297,34,2,799.0,1598.0
602,298,61,6,2999.0,17994.0
603,299,24,4,120.0,480.0
604,299,96,8,399.0,3192.0
605,300,27,4,180.0,720.0
606,300,30,4,1199.0,4796.0
607,301,16,2,3299.0,6598.0
608,302,6,6,2999.0,17994.0
609,302,62,8,3999.0,31992.0
610,302,48,5,6999.0,34995.0
611,303,36,3,3499.0,10497.0
612,303,51,1,54999.0,54999.0
613,303,29,7,999.0,6993.0
614,304,51,3,54999.0,164997.0
615,304,88,8,799.0,6392.0
616,305,2,7,2499.0,17493.0
617,305,87,2,1899.0,3798.0
618,305,27,6,180.0,1080.0
619,306,31,8,2299.0,18392.0
620,306,35,6,1799.0,10794.0
621,307,54,6,32999.0,197994.0
622,308,74,3,1299.0,3897.0
623,309,35,7,1799.0,12593.0
624,309,31,7,2299.0,16093.0
625,309,72,4,220.0,880.0
626,310,23,7,349.0,2443.0
627,311,67,6,16999.0,101994.0
628,311,69,8,2499.0,19992.0
629,311,93,5,4499.0,22495.0
630,312,51,2,54999.0,109998.0
631,313,61,2,2999.0,5998.0
632,313,81,8,28999.0,231992.0
633,314,72,1,220.0,220.0
634,314,33,7,999.0,6993.0
635,314,45,2,1799.0,3598.0
636,315,84,5,1299.0,6495.0
637,315,69,6,2499.0,14994.0
638,315,23,6,349.0,2094.0
639,316,11,5,2499.0,12495.0
640,316,49,8,8999.0,71992.0
641,317,54,7,32999.0,230993.0
642,317,81,2,28999.0,57998.0
643,318,41,5,199.0,995.0
644,318,84,5,1299.0,6495.0
645,319,100,8,2999.0,23992.0
646,319,47,7,7999.0,55993.0
647,320,94,4,7999.0,31996.0
648,321,14,2,8999.0,17998.0
649,321,13,8,14999.0,119992.0
650,322,68,2,599.0,1198.0
651,322,98,2,299.0,598.0
652,323,40,4,449.0,1796.0
653,323,30,5,1199.0,5995.0
654,324,4,1,12999.0,12999.0
655,325,70,8,180.0,1440.0
656,325,35,3,1799.0,5397.0
657,326,81,7,28999.0,202993.0
658,326,96,5,399.0,1995.0
659,327,57,5,32999.0,164995.0
660,328,2,3,2499.0,7497.0
661,328,1,6,899.0,5394.0
662,329,63,5,8999.0,44995.0
663,329,97,1,899.0,899.0
664,329,62,7,3999.0,27993.0
665,330,71,6,250.0,1500.0
666,331,51,3,54999.0,164997.0
667,331,32,7,7999.0,55993.0
668,332,81,5,28999.0,144995.0
669,332,31,5,2299.0,11495.0
670,333,24,3,120.0,360.0
671,334,58,8,1499.0,11992.0
672,334,35,4,1799.0,7196.0
673,334,90,6,1199.0,7194.0
674,335,24,2,120.0,240.0
675,336,94,4,7999.0,31996.0
676,336,2,2,2499.0,4998.0
677,337,54,8,32999.0,263992.0
678,337,40,6,449.0,2694.0
679,338,8,5,1899.0,9495.0
680,339,25,5,90.0,450.0
681,340,32,8,7999.0,63992.0
682,340,50,4,10999.0,43996.0
683,340,99,1,1699.0,1699.0
684,341,67,4,16999.0,67996.0
685,342,21,1,8999.0,8999.0
686,342,81,2,28999.0,57998.0
687,343,47,1,7999.0,7999.0
688,344,42,3,1599.0,4797.0
689,344,2,5,2499.0,12495.0
690,345,2,1,2499.0,2499.0
691,346,48,2,6999.0,13998.0
692,347,80,1,6999.0,6999.0
693,347,44,1,1299.0,1299.0
694,347,98,6,299.0,1794.0
695,348,63,4,8999.0,35996.0
696,349,57,4,32999.0,131996.0
697,349,94,1,7999.0,7999.0
698,350,6,8,2999.0,23992.0
699,350,63,5,8999.0,44995.0
700,351,70,6,180.0,1080.0
701,352,71,3,250.0,750.0
702,352,21,8,8999.0,71992.0
703,352,9,5,699.0,3495.0
704,353,100,7,2999.0,20993.0
705,354,100,4,2999.0,11996.0
706,354,80,6,6999.0,41994.0
707,355,68,8,599.0,4792.0
708,356,53,6,48999.0,293994.0
709,356,83,2,1599.0,3198.0
710,357,17,3,1199.0,3597.0
711,358,13,1,14999.0,14999.0
712,359,80,5,6999.0,34995.0
713,359,90,1,1199.0,1199.0
714,359,76,6,17999.0,107994.0
715,360,27,8,180.0,1440.0
716,361,47,7,7999.0,55993.0
717,362,68,2,599.0,1198.0
718,362,6,5,2999.0,14995.0
719,363,93,4,4499.0,17996.0
720,364,85,3,7999.0,23997.0
721,364,32,7,7999.0,55993.0
722,364,73,2,599.0,1198.0
723,365,86,3,2499.0,7497.0
724,365,55,3,19999.0,59997.0
725,365,14,7,8999.0,62993.0
726,366,77,6,27999.0,167994.0
727,366,57,6,32999.0,197994.0
728,366,46,6,4499.0,26994.0
729,367,78,4,14999.0,59996.0
730,367,31,7,2299.0,16093.0
731,368,51,1,54999.0,54999.0
732,368,1,5,899.0,4495.0
733,369,1,4,899.0,3596.0
734,369,39,4,1299.0,5196.0
735,370,36,3,3499.0,10497.0
736,370,71,2,250.0,500.0
737,370,66,1,18999.0,18999.0
738,371,47,4,7999.0,31996.0
739,371,75,4,999.0,3996.0
740,372,73,2,599.0,1198.0
741,372,28,6,799.0,4794.0
742,373,90,5,1199.0,5995.0
743,373,74,1,1299.0,1299.0
744,373,13,7,14999.0,104993.0
745,374,45,7,1799.0,12593.0
746,374,56,2,24999.0,49998.0
747,375,100,1,2999.0,2999.0
748,375,81,5,28999.0,144995.0
749,375,49,1,8999.0,8999.0
750,376,65,4,5999.0,23996.0
751,376,90,3,1199.0,3597.0
752,377,74,4,1299.0,5196.0
753,377,65,7,5999.0,41993.0
754,377,12,5,1899.0,9495.0
755,378,61,1,2999.0,2999.0
756,379,65,3,5999.0,17997.0
757,379,56,3,24999.0,74997.0
758,380,84,4,1299.0,5196.0
759,380,74,4,1299.0,5196.0
760,381,42,2,1599.0,3198.0
761,381,88,2,799.0,1598.0
762,382,42,6,1599.0,9594.0
763,383,45,8,1799.0,14392.0
764,384,26,6,299.0,1794.0
765,385,32,3,7999.0,23997.0
766,386,40,8,449.0,3592.0
767,387,69,5,2499.0,12495.0
768,387,28,8,799.0,6392.0
769,387,27,3,180.0,540.0
770,388,68,3,599.0,1797.0
771,388,6,1,2999.0,2999.0
772,388,33,5,999.0,4995.0
773,389,2,5,2499.0,12495.0
774,389,9,6,699.0,4194.0
775,389,50,2,10999.0,21998.0
776,390,50,2,10999.0,21998.0
777,390,30,6,1199.0,7194.0
778,390,49,8,8999.0,71992.0
779,391,65,8,5999.0,47992.0
780,392,40,7,449.0,3143.0
781,392,43,3,5999.0,17997.0
782,392,63,1,8999.0,8999.0
783,393,31,5,2299.0,11495.0
784,393,65,1,5999.0,5999.0
785,394,72,5,220.0,1100.0
786,395,85,2,7999.0,15998.0
787,395,18,7,1299.0,9093.0
788,396,20,6,999.0,5994.0
789,396,55,8,19999.0,159992.0
790,396,40,3,449.0,1347.0
791,397,26,3,299.0,897.0
792,397,18,7,1299.0,9093.0
793,397,40,3,449.0,1347.0
794,398,69,3,2499.0,7497.0
795,398,93,6,4499.0,26994.0
796,398,16,3,3299.0,9897.0
797,399,39,5,1299.0,6495.0
798,399,57,3,32999.0,98997.0
799,400,98,5,299.0,1495.0
800,401,30,6,1199.0,7194.0
801,401,88,2,799.0,1598.0
802,401,4,8,12999.0,103992.0
803,402,92,6,1899.0,11394.0
804,402,84,3,1299.0,3897.0
805,403,25,4,90.0,360.0
806,404,53,4,48999.0,195996.0
807,404,29,4,999.0,3996.0
808,405,63,8,8999.0,71992.0
809,405,89,4,699.0,2796.0
810,405,42,7,1599.0,11193.0
811,406,93,7,4499.0,31493.0
812,406,41,1,199.0,199.0
813,407,32,7,7999.0,55993.0
814,408,7,8,4499.0,35992.0
815,408,25,7,90.0,630.0
816,408,38,5,699.0,3495.0
817,409,79,3,2199.0,6597.0
818,409,7,8,4499.0,35992.0
819,410,24,3,120.0,360.0
820,411,23,8,349.0,2792.0
821,412,33,6,999.0,5994.0
822,413,58,2,1499.0,2998.0
823,413,82,7,899.0,6293.0
824,413,47,3,7999.0,23997.0
825,414,43,3,5999.0,17997.0
826,415,7,5,4499.0,22495.0
827,415,54,8,32999.0,263992.0
828,415,40,5,449.0,2245.0
829,416,1,5,899.0,4495.0
830,417,70,8,180.0,1440.0
831,417,1,4,899.0,3596.0
832,418,53,2,48999.0,97998.0
833,418,57,1,32999.0,32999.0
834,419,72,3,220.0,660.0
835,419,27,3,180.0,540.0
836,419,7,1,4499.0,4499.0
837,420,86,5,2499.0,12495.0
838,421,23,5,349.0,1745.0
839,421,21,3,8999.0,26997.0
840,422,12,5,1899.0,9495.0
841,423,98,7,299.0,2093.0
842,424,16,5,3299.0,16495.0
843,425,90,4,1199.0,4796.0
844,426,81,8,28999.0,231992.0
845,426,68,5,599.0,2995.0
846,426,12,7,1899.0,13293.0
847,427,80,8,6999.0,55992.0
848,427,46,8,4499.0,35992.0
849,427,17,8,1199.0,9592.0
850,428,25,2,90.0,180.0
851,428,1,1,899.0,899.0
852,429,79,7,2199.0,15393.0
853,430,82,4,899.0,3596.0
854,430,28,5,799.0,3995.0
855,430,2,5,2499.0,12495.0
856,431,42,2,1599.0,3198.0
857,431,99,6,1699.0,10194.0
858,431,1,6,899.0,5394.0
859,432,25,6,90.0,540.0
860,433,83,3,1599.0,4797.0
861,434,43,1,5999.0,5999.0
862,434,60,5,799.0,3995.0
863,434,53,6,48999.0,293994.0
864,435,88,2,799.0,1598.0
865,435,43,3,5999.0,17997.0
866,435,46,5,4499.0,22495.0
867,436,22,7,6999.0,48993.0
868,436,74,3,1299.0,3897.0
869,436,78,2,14999.0,29998.0
870,437,53,8,48999.0,391992.0
871,437,12,4,1899.0,7596.0
872,438,68,5,599.0,2995.0
873,439,100,4,2999.0,11996.0
874,440,65,4,5999.0,23996.0
875,440,20,6,999.0,5994.0
876,441,19,2,599.0,1198.0
877,441,99,3,1699.0,5097.0
878,442,67,5,16999.0,84995.0
879,442,15,1,5499.0,5499.0
880,442,1,2,899.0,1798.0
881,443,67,5,16999.0,84995.0
882,444,27,4,180.0,720.0
883,444,42,5,1599.0,7995.0
884,444,26,5,299.0,1495.0
885,445,16,3,3299.0,9897.0
886,445,35,5,1799.0,8995.0
887,445,20,2,999.0,1998.0
888,446,70,6,180.0,1080.0
889,447,37,3,2999.0,8997.0
890,447,74,2,1299.0,2598.0
891,447,32,5,7999.0,39995.0
892,448,17,1,1199.0,1199.0
893,449,12,7,1899.0,13293.0
894,450,81,8,28999.0,231992.0
895,450,89,6,699.0,4194.0
896,450,90,5,1199.0,5995.0
897,451,69,8,2499.0,19992.0
898,451,11,3,2499.0,7497.0
899,451,97,2,899.0,1798.0
900,452,83,8,1599.0,12792.0
901,452,91,8,699.0,5592.0
902,452,99,4,1699.0,6796.0
903,453,34,3,799.0,2397.0
904,453,47,6,7999.0,47994.0
905,453,51,6,54999.0,329994.0
906,454,15,8,5499.0,43992.0
907,454,45,8,1799.0,14392.0
908,455,74,2,1299.0,2598.0
909,455,17,7,1199.0,8393.0
910,455,66,2,18999.0,37998.0
911,456,69,7,2499.0,17493.0
912,456,60,7,799.0,5593.0
913,457,50,6,10999.0,65994.0
914,457,9,4,699.0,2796.0
915,458,44,4,1299.0,5196.0
916,458,70,3,180.0,540.0
917,458,89,2,699.0,1398.0
918,459,60,2,799.0,1598.0
919,459,42,8,1599.0,12792.0
920,459,72,3,220.0,660.0
921,460,88,7,799.0,5593.0
922,461,12,4,1899.0,7596.0
923,462,1,3,899.0,2697.0
924,462,97,8,899.0,7192.0
925,462,19,5,599.0,2995.0
926,463,88,6,799.0,4794.0
927,464,39,6,1299.0,7794.0
928,464,56,2,24999.0,49998.0
929,464,92,1,1899.0,1899.0
930,465,38,1,699.0,699.0
931,466,72,5,220.0,1100.0
932,466,46,1,4499.0,4499.0
933,466,15,4,5499.0,21996.0
934,467,92,7,1899.0,13293.0
935,467,49,7,8999.0,62993.0
936,468,61,3,2999.0,8997.0
937,469,54,5,32999.0,164995.0
938,469,20,3,999.0,2997.0
939,470,19,8,599.0,4792.0
940,471,54,7,32999.0,230993.0
941,471,59,3,499.0,1497.0
942,471,90,8,1199.0,9592.0
943,472,50,4,10999.0,43996.0
944,472,46,3,4499.0,13497.0
945,473,94,5,7999.0,39995.0
946,473,31,7,2299.0,16093.0
947,474,73,8,599.0,4792.0
948,475,11,5,2499.0,12495.0
949,475,19,8,599.0,4792.0
950,475,94,2,7999.0,15998.0
951,476,81,2,28999.0,57998.0
952,476,95,5,9999.0,49995.0
953,477,100,8,2999.0,23992.0
954,477,2,8,2499.0,19992.0
955,477,61,6,2999.0,17994.0
956,478,22,5,6999.0,34995.0
957,478,5,5,499.0,2495.0
958,479,7,1,4499.0,4499.0
959,479,85,5,7999.0,39995.0
960,479,38,8,699.0,5592.0
961,480,33,5,999.0,4995.0
962,480,17,5,1199.0,5995.0
963,481,23,3,349.0,1047.0
964,481,76,8,17999.0,143992.0
965,481,95,6,9999.0,59994.0
966,482,63,3,8999.0,26997.0
967,483,77,3,27999.0,83997.0
968,484,85,8,7999.0,63992.0
969,485,7,5,4499.0,22495.0
970,485,83,2,1599.0,3198.0
971,486,39,4,1299.0,5196.0
972,486,61,7,2999.0,20993.0
973,487,56,8,24999.0,199992.0
974,487,2,7,2499.0,17493.0
975,487,37,6,2999.0,17994.0
976,488,82,5,899.0,4495.0
977,488,46,6,4499.0,26994.0
978,488,56,5,24999.0,124995.0
979,489,51,4,54999.0,219996.0
980,489,60,4,799.0,3196.0
981,489,99,6,1699.0,10194.0
982,490,2,2,2499.0,4998.0
983,490,9,2,699.0,1398.0
984,490,53,8,48999.0,391992.0
985,491,25,1,90.0,90.0
986,491,5,2,499.0,998.0
987,492,77,2,27999.0,55998.0
988,493,49,3,8999.0,26997.0
989,494,85,8,7999.0,63992.0
990,494,10,5,4999.0,24995.0
991,495,36,1,3499.0,3499.0
992,496,34,8,799.0,6392.0
993,496,23,2,349.0,698.0
994,497,83,8,1599.0,12792.0
995,498,28,2,799.0,1598.0
996,498,79,8,2199.0,17592.0
997,499,74,5,1299.0,6495.0
998,500,84,1,1299.0,1299.0
