sales_order_id,customer_id,employee_id,order_date,total_amount,status
1,1404,3,2026-05-08,9197.0,Completed
2,1732,29,2026-08-11,15592.0,Cancelled
3,4617,22,2026-01-09,199.0,Completed
4,4809,5,2026-07-12,194086.0,Cancelled
5,2718,13,2026-07-13,11291.0,Completed
6,3581,8,2026-08-03,9093.0,Completed
7,243,21,2026-03-11,62387.0,Pending
8,1522,22,2026-05-30,58389.0,Completed
9,2196,5,2026-04-08,72281.0,Completed
10,750,1,2026-08-30,180993.0,Completed
11,716,6,2026-04-21,39538.0,Completed
12,735,12,2026-05-22,167994.0,Pending
13,102,10,2026-04-16,19493.0,Pending
14,1389,5,2026-03-10,71395.0,Completed
15,3561,9,2026-04-18,48989.0,Completed
16,4062,20,2026-06-07,998.0,Completed
17,2496,1,2026-08-31,83987.0,Pending
18,2743,14,2026-07-28,183582.0,Completed
19,1456,13,2026-03-23,82788.0,Completed
20,3081,9,2026-07-29,48493.0,Cancelled
21,221,24,2026-04-29,236945.0,Completed
22,2481,8,2026-03-06,170783.0,Cancelled
23,3926,19,2026-04-13,76191.0,Completed
24,2034,22,2026-06-20,18192.0,Completed
25,3527,4,2026-01-03,3196.0,Cancelled
26,4250,18,2026-05-29,26779.0,Cancelled
27,4100,5,2026-03-30,7998.0,Completed
28,3408,30,2026-01-22,23997.0,Completed
29,2556,11,2026-04-27,135992.0,Completed
30,3901,4,2026-04-23,10092.0,Completed
31,186,28,2026-03-29,62690.0,Completed
32,4587,14,2026-04-29,173997.0,Completed
33,3541,13,2026-01-08,18985.0,Completed
34,1686,9,2026-07-12,63885.0,Completed
35,3749,4,2026-03-09,64480.0,Cancelled
36,936,12,2026-04-01,35693.0,Completed
37,2566,4,2026-03-03,33354.0,Cancelled
38,3183,14,2026-06-02,9093.0,Pending
39,1522,16,2026-06-12,16634.0,Completed
40,1533,11,2026-08-04,46493.0,Pending
41,1119,7,2026-07-28,43753.0,Pending
42,3405,23,2026-08-04,24997.0,Completed
43,2393,2,2026-03-12,12495.0,Completed
44,3747,19,2026-07-10,38498.0,Completed
45,4450,27,2026-04-04,21281.0,Completed
46,2028,10,2026-08-12,7495.0,Completed
47,713,15,2026-08-10,11996.0,Completed
48,4817,23,2026-03-31,173590.0,Completed
49,487,19,2026-03-31,190986.0,Completed
50,4692,9,2026-08-08,34787.0,Completed
51,1088,8,2026-02-07,76082.0,Cancelled
52,2202,21,2026-04-17,37991.0,Cancelled
53,2280,23,2026-08-28,11993.0,Completed
54,3756,21,2026-06-20,51782.0,Completed
55,4053,9,2026-03-24,5897.0,Completed
56,397,2,2026-01-26,499881.0,Completed
57,3505,7,2026-06-26,6495.0,Completed
58,2245,3,2026-06-17,13491.0,Completed
59,3247,21,2026-03-20,12589.0,Completed
60,1749,16,2026-01-20,71996.0,Cancelled
61,3646,1,2026-01-03,70287.0,Completed
62,3139,3,2026-07-07,53994.0,Completed
63,2452,5,2026-04-08,4797.0,Completed
64,4346,19,2026-01-03,134787.0,Pending
65,3625,28,2026-02-25,44997.0,Completed
66,4830,24,2026-04-09,60793.0,Completed
67,691,8,2026-05-22,219489.0,Completed
68,4242,20,2026-05-11,2793.0,Completed
69,448,26,2026-08-18,230993.0,Completed
70,1975,16,2026-06-13,41085.0,Pending
71,4657,14,2026-04-04,7389.0,Cancelled
72,554,1,2026-03-09,2999.0,Pending
73,4151,10,2026-06-10,119884.0,Cancelled
74,4405,20,2026-02-09,6794.0,Completed
75,4395,11,2026-04-11,12386.0,Completed
76,475,8,2026-01-23,7994.0,Completed
77,979,1,2026-07-01,1199.0,Completed
78,4067,12,2026-05-14,64386.0,Completed
79,241,11,2026-07-26,6593.0,Cancelled
80,632,16,2026-04-27,134388.0,Completed
81,843,29,2026-05-27,11197.0,Completed
82,377,16,2026-04-04,3442.0,Completed
83,2637,8,2026-04-17,9791.0,Completed
84,1829,26,2026-05-13,115998.0,Pending
85,2313,25,2026-08-05,14691.0,Completed
86,1644,10,2026-05-25,95988.0,Completed
87,4848,16,2026-07-17,31996.0,Completed
88,53,30,2026-04-15,7194.0,Completed
89,2745,1,2026-07-14,96989.0,Cancelled
90,1952,14,2026-05-06,2995.0,Completed
91,360,30,2026-03-01,408388.0,Cancelled
92,1094,21,2026-07-29,130992.0,Completed
93,1940,10,2026-03-08,337188.0,Pending
94,2228,8,2026-01-20,2598.0,Completed
95,866,6,2026-04-26,294392.0,Completed
96,3703,10,2026-04-29,19392.0,Cancelled
97,331,7,2026-08-02,13790.0,Pending
98,4207,2,2026-06-23,3242.0,Pending
99,4555,24,2026-05-21,119992.0,Completed
100,1146,4,2026-01-04,11996.0,Completed
101,1624,27,2026-04-13,146593.0,Completed
102,179,3,2026-02-20,202291.0,Pending
103,415,6,2026-08-25,589484.0,Pending
104,1416,12,2026-02-24,17495.0,Pending
105,1218,2,2026-06-07,86180.0,Cancelled
106,3925,2,2026-01-23,82189.0,Cancelled
107,2042,21,2026-07-25,441178.0,Completed
108,4634,17,2026-03-24,2519.0,Cancelled
109,1795,1,2026-08-18,23390.0,Completed
110,821,8,2026-06-18,1799.0,Completed
111,4717,28,2026-07-24,14893.0,Cancelled
112,2606,26,2026-07-08,132987.0,Pending
113,4442,10,2026-02-14,8095.0,Cancelled
114,1793,1,2026-05-15,21593.0,Completed
115,1454,30,2026-07-25,182694.0,Completed
116,4312,28,2026-04-04,48993.0,Cancelled
117,828,11,2026-03-19,81085.0,Completed
118,1428,23,2026-05-24,43085.0,Completed
119,1044,6,2026-07-06,8393.0,Cancelled
120,266,6,2026-06-04,12390.0,Completed
121,2713,24,2026-01-20,10794.0,Completed
122,727,27,2026-07-01,45186.0,Completed
123,2045,23,2026-01-18,9998.0,Pending
124,3590,24,2026-04-18,391992.0,Pending
125,2878,18,2026-04-07,15996.0,Completed
126,3697,3,2026-07-24,699.0,Completed
127,2140,4,2026-01-19,38995.0,Cancelled
128,763,11,2026-06-02,121083.0,Completed
129,439,4,2026-03-26,630.0,Cancelled
130,4425,9,2026-06-19,4897.0,Pending
131,4684,18,2026-08-04,10493.0,Pending
132,718,10,2026-07-30,175993.0,Completed
133,1400,21,2026-03-16,5998.0,Completed
134,3257,16,2026-05-06,20884.0,Pending
135,3027,6,2026-04-25,6392.0,Pending
136,2158,8,2026-08-03,5595.0,Completed
137,2817,26,2026-05-19,21595.0,Pending
138,4281,14,2026-05-18,35085.0,Pending
139,285,17,2026-05-27,63687.0,Completed
140,1370,7,2026-07-26,1199.0,Pending
141,642,22,2026-04-22,86997.0,Cancelled
142,2113,11,2026-08-22,71282.0,Cancelled
143,3754,30,2026-08-12,8393.0,Completed
144,3396,5,2026-02-07,38594.0,Completed
145,4388,29,2026-03-30,94384.0,Completed
146,1411,9,2026-04-14,48993.0,Completed
147,3243,29,2026-08-14,19091.0,Completed
148,3052,1,2026-03-28,10590.0,Completed
149,1101,10,2026-07-10,26188.0,Cancelled
150,732,7,2026-04-24,391992.0,Cancelled
151,3064,27,2026-01-15,65539.0,Completed
152,1580,29,2026-08-02,7596.0,Completed
153,3740,2,2026-08-24,5289.0,Pending
154,4138,13,2026-06-12,799.0,Completed
155,3052,16,2026-06-02,20088.0,Completed
156,2119,24,2026-08-01,55289.0,Cancelled
157,1756,28,2026-02-26,18468.0,Completed
158,3884,30,2026-02-03,153886.0,Completed
159,3472,29,2026-04-07,9988.0,Completed
160,4266,27,2026-06-09,54993.0,Cancelled
161,4865,20,2026-03-14,24390.0,Completed
162,2265,21,2026-03-25,9191.0,Completed
163,4238,25,2026-03-03,195993.0,Completed
164,1147,24,2026-01-07,241479.0,Completed
165,4777,23,2026-05-27,5196.0,Cancelled
166,3898,30,2026-08-29,37989.0,Completed
167,3857,5,2026-07-09,14817.0,Completed
168,1821,12,2026-02-27,197684.0,Pending
169,965,16,2026-01-14,45986.0,Pending
170,4341,10,2026-04-16,2997.0,Completed
171,2808,14,2026-05-26,2195.0,Pending
172,2725,21,2026-02-15,16091.0,Completed
173,1716,25,2026-07-18,3897.0,Pending
174,722,5,2026-06-07,146286.0,Pending
175,3141,1,2026-01-10,76289.0,Completed
176,34,21,2026-07-07,5994.0,Completed
177,1057,4,2026-04-09,71442.0,Completed
178,3735,24,2026-05-14,209583.0,Completed
179,1544,6,2026-08-31,239593.0,Completed
180,180,19,2026-05-10,19794.0,Completed
181,3074,29,2026-06-13,4198.0,Completed
182,162,2,2026-06-26,263992.0,Pending
183,1013,18,2026-03-06,5795.0,Completed
184,3448,22,2026-01-26,77588.0,Cancelled
185,965,10,2026-01-30,131996.0,Cancelled
186,1637,25,2026-03-09,26685.0,Completed
187,4491,16,2026-08-22,5592.0,Completed
188,1922,1,2026-01-04,34287.0,Cancelled
189,615,24,2026-07-05,3996.0,Pending
190,2426,9,2026-04-29,44997.0,Completed
191,2381,12,2026-07-25,50395.0,Completed
192,1134,22,2026-06-15,35994.0,Pending
193,2198,29,2026-07-07,41994.0,Completed
194,933,13,2026-04-13,91385.0,Completed
195,927,5,2026-06-28,157277.0,Completed
196,3111,25,2026-04-02,109381.0,Completed
197,3370,15,2026-01-12,4794.0,Completed
198,4300,25,2026-07-10,35185.0,Completed
199,3948,12,2026-06-19,15595.0,Cancelled
200,3845,28,2026-05-07,39992.0,Completed
201,1974,11,2026-03-13,23996.0,Cancelled
202,3102,13,2026-07-29,19992.0,Pending
203,4695,15,2026-01-23,4590.0,Completed
204,841,13,2026-04-16,220.0,Completed
205,4950,20,2026-06-13,77756.0,Completed
206,2977,27,2026-01-14,2994.0,Cancelled
207,4915,16,2026-07-03,25792.0,Completed
208,2797,12,2026-08-01,21693.0,Completed
209,4034,5,2026-07-30,219289.0,Completed
210,990,30,2026-08-07,6190.0,Completed
211,3396,2,2026-08-26,169081.0,Pending
212,36,17,2026-07-08,1750.0,Cancelled
213,3957,30,2026-05-11,2097.0,Completed
214,849,13,2026-06-18,140182.0,Completed
215,3260,11,2026-03-17,300489.0,Cancelled
216,1781,7,2026-02-23,15888.0,Cancelled
217,4445,23,2026-06-13,48186.0,Cancelled
218,4675,22,2026-07-01,12288.0,Completed
219,4283,4,2026-01-07,18595.0,Completed
220,1319,10,2026-06-24,10591.0,Cancelled
221,265,12,2026-07-28,51389.0,Completed
222,4186,26,2026-07-23,25385.0,Pending
223,2562,18,2026-01-14,1995.0,Completed
224,3630,27,2026-02-27,44187.0,Pending
225,1454,22,2026-01-20,698.0,Pending
226,333,14,2026-03-13,59188.0,Pending
227,1269,2,2026-02-09,175987.0,Cancelled
228,4507,12,2026-01-19,4792.0,Pending
229,4449,18,2026-04-14,7196.0,Completed
230,2719,11,2026-04-03,7291.0,Completed
231,2835,15,2026-03-03,100186.0,Completed
232,3162,9,2026-05-19,257978.0,Completed
233,2429,29,2026-06-16,3198.0,Completed
234,1372,25,2026-05-18,124485.0,Completed
235,1685,18,2026-08-01,53994.0,Pending
236,2718,2,2026-01-23,13497.0,Completed
237,4572,3,2026-05-28,5593.0,Pending
238,3696,21,2026-04-14,119391.0,Cancelled
239,49,21,2026-07-04,4891.0,Cancelled
240,870,10,2026-07-21,139780.0,Pending
241,253,16,2026-02-10,14685.0,Completed
242,3057,1,2026-05-22,29690.0,Completed
243,1721,24,2026-07-09,154791.0,Completed
244,2071,7,2026-01-30,2499.0,Cancelled
245,3779,21,2026-05-21,1398.0,Completed
246,805,7,2026-07-05,59991.0,Completed
247,572,29,2026-02-19,61489.0,Cancelled
248,1249,19,2026-05-26,20596.0,Completed
249,2017,26,2026-02-26,134586.0,Completed
250,3932,15,2026-04-25,24890.0,Completed
251,4970,3,2026-08-04,17691.0,Completed
252,618,29,2026-01-05,255988.0,Cancelled
253,2135,18,2026-08-17,37784.0,Completed
254,4831,24,2026-08-08,8191.0,Completed
255,4114,1,2026-06-19,6597.0,Cancelled
256,1150,15,2026-02-10,1797.0,Pending
257,2940,2,2026-02-26,10189.0,Completed
258,351,22,2026-02-22,77990.0,Completed
259,846,23,2026-05-14,86083.0,Completed
260,4815,21,2026-08-18,84995.0,Pending
261,1826,17,2026-04-14,23391.0,Cancelled
262,1139,15,2026-02-12,24995.0,Completed
263,1231,6,2026-02-10,37594.0,Pending
264,2706,24,2026-01-30,31188.0,Cancelled
265,1321,21,2026-08-02,82996.0,Cancelled
266,4853,6,2026-02-04,63893.0,Completed
267,1475,17,2026-04-14,240789.0,Pending
268,4969,16,2026-08-11,51990.0,Cancelled
269,1490,20,2026-06-18,69784.0,Completed
270,3099,13,2026-02-03,235996.0,Cancelled
271,4132,22,2026-04-18,29998.0,Completed
272,3899,29,2026-06-07,53988.0,Completed
273,4944,18,2026-07-31,20993.0,Cancelled
274,3447,12,2026-08-12,8393.0,Completed
275,3950,26,2026-07-16,129591.0,Completed
276,2086,16,2026-07-16,12495.0,Cancelled
277,4455,14,2026-03-07,899.0,Cancelled
278,4281,4,2026-05-14,35996.0,Completed
279,3350,12,2026-01-28,99995.0,Completed
280,4392,14,2026-05-25,29389.0,Pending
281,4523,26,2026-05-23,37787.0,Completed
282,4733,12,2026-07-18,160386.0,Completed
283,822,7,2026-05-11,2049.0,Pending
284,44,26,2026-01-24,20993.0,Completed
285,525,9,2026-02-26,107492.0,Pending
286,4269,10,2026-07-02,39533.0,Completed
287,4245,10,2026-02-19,111996.0,Cancelled
288,1389,22,2026-01-10,6196.0,Completed
289,2261,25,2026-04-13,237489.0,Cancelled
290,126,24,2026-06-30,9495.0,Cancelled
291,4776,12,2026-03-30,123988.0,Pending
292,4710,1,2026-03-08,97998.0,Cancelled
293,593,17,2026-03-17,122490.0,Pending
294,3090,19,2026-05-04,5394.0,Pending
295,3775,29,2026-05-31,7998.0,Completed
296,554,13,2026-06-12,7596.0,Completed
297,3379,12,2026-05-13,17589.0,Pending
298,2802,3,2026-05-22,17994.0,Completed
299,1791,29,2026-05-27,3672.0,Completed
300,1924,24,2026-03-03,5516.0,Cancelled
301,2917,5,2026-07-19,6598.0,Pending
302,55,25,2026-08-08,84981.0,Pending
303,1499,25,2026-08-23,72489.0,Pending
304,4430,2,2026-05-09,171389.0,Completed
305,4246,15,2026-03-22,22371.0,Completed
306,2128,6,2026-05-21,29186.0,Completed
307,1507,16,2026-04-19,197994.0,Completed
308,3282,9,2026-04-26,3897.0,Cancelled
309,1873,27,2026-01-26,29566.0,Completed
310,1226,16,2026-07-26,2443.0,Pending
311,1102,29,2026-08-06,144481.0,Completed
312,4606,28,2026-05-26,109998.0,Completed
313,492,7,2026-07-28,237990.0,Completed
314,2129,12,2026-04-03,10811.0,Completed
315,4961,7,2026-05-28,23583.0,Cancelled
316,3994,25,2026-07-08,84487.0,Completed
317,1373,21,2026-07-26,288991.0,Completed
318,1328,11,2026-02-28,7490.0,Cancelled
319,3240,9,2026-08-16,79985.0,Completed
320,1507,28,2026-01-06,31996.0,Completed
321,656,7,2026-02-12,137990.0,Cancelled
322,441,1,2026-07-17,1796.0,Completed
323,1273,3,2026-06-17,7791.0,Pending
324,1036,5,2026-05-15,12999.0,Completed
325,2665,28,2026-05-02,6837.0,Cancelled
326,1451,19,2026-06-02,204988.0,Completed
327,3946,18,2026-02-28,164995.0,Completed
328,3377,9,2026-02-09,12891.0,Completed
329,3844,18,2026-01-03,73887.0,Completed
330,4891,8,2026-07-23,1500.0,Completed
331,3373,29,2026-05-24,220990.0,Pending
332,1808,9,2026-01-21,156490.0,Cancelled
333,2203,14,2026-02-18,360.0,Completed
334,905,21,2026-04-27,26382.0,Completed
335,1247,2,2026-05-17,240.0,Completed
336,2206,5,2026-07-03,36994.0,Completed
337,121,16,2026-02-25,266686.0,Pending
338,260,11,2026-01-21,9495.0,Pending
339,585,18,2026-05-01,450.0,Pending
340,104,4,2026-07-16,109687.0,Completed
341,3776,24,2026-07-17,67996.0,Pending
342,3188,22,2026-03-21,66997.0,Completed
343,3943,21,2026-03-18,7999.0,Completed
344,926,8,2026-06-12,17292.0,Cancelled
345,981,13,2026-07-22,2499.0,Cancelled
346,3894,23,2026-06-02,13998.0,Completed
347,1292,16,2026-01-24,10092.0,Completed
348,4394,26,2026-01-28,35996.0,Completed
349,4575,26,2026-06-15,139995.0,Pending
350,2935,24,2026-02-04,68987.0,Cancelled
351,4015,7,2026-05-26,1080.0,Completed
352,3838,9,2026-08-11,76237.0,Completed
353,4437,12,2026-04-27,20993.0,Completed
354,154,20,2026-08-08,53990.0,Completed
355,4416,27,2026-04-10,4792.0,Cancelled
356,1263,20,2026-03-14,297192.0,Completed
357,4287,22,2026-01-18,3597.0,Completed
358,1656,4,2026-05-05,14999.0,Cancelled
359,3184,22,2026-05-06,144188.0,Completed
360,4964,23,2026-01-19,1440.0,Completed
361,3835,26,2026-06-13,55993.0,Completed
362,478,27,2026-06-07,16193.0,Completed
363,1769,17,2026-01-25,17996.0,Cancelled
364,3157,7,2026-02-19,81188.0,Cancelled
365,2933,22,2026-04-28,130487.0,Cancelled
366,2765,22,2026-02-10,392982.0,Pending
367,3528,27,2026-07-05,76089.0,Cancelled
368,2082,12,2026-04-26,59494.0,Cancelled
369,134,17,2026-02-04,8792.0,Completed
370,178,25,2026-07-30,29996.0,Pending
371,2914,5,2026-02-05,35992.0,Completed
372,2461,3,2026-05-27,5992.0,Pending
373,1417,16,2026-07-31,112287.0,Completed
374,459,30,2026-07-17,62591.0,Completed
375,4935,30,2026-01-03,156993.0,Completed
376,4424,19,2026-02-08,27593.0,Completed
377,3219,15,2026-07-12,56684.0,Pending
378,1213,5,2026-03-28,2999.0,Cancelled
379,3271,9,2026-01-22,92994.0,Pending
380,4582,7,2026-05-05,10392.0,Completed
381,587,9,2026-07-18,4796.0,Pending
382,3470,12,2026-03-31,9594.0,Cancelled
383,199,25,2026-03-20,14392.0,Cancelled
384,1195,15,2026-01-12,1794.0,Completed
385,703,4,2026-07-09,23997.0,Completed
386,113,11,2026-06-27,3592.0,Pending
387,187,11,2026-02-23,19427.0,Completed
388,3086,19,2026-08-20,9791.0,Completed
389,2223,2,2026-04-30,38687.0,Completed
390,2397,28,2026-08-15,101184.0,Cancelled
391,4355,3,2026-02-17,47992.0,Cancelled
392,177,2,2026-03-05,30139.0,Completed
393,2883,12,2026-06-10,17494.0,Completed
394,3172,29,2026-07-28,1100.0,Completed
395,1243,11,2026-08-18,25091.0,Cancelled
396,1864,14,2026-03-03,167333.0,Completed
397,1136,19,2026-05-19,11337.0,Cancelled
398,1295,11,2026-01-18,44388.0,Completed
399,2611,29,2026-04-16,105492.0,Completed
400,875,5,2026-02-17,1495.0,Cancelled
401,4646,20,2026-03-01,112784.0,Completed
402,4116,28,2026-06-04,15291.0,Pending
403,4026,16,2026-02-05,360.0,Completed
404,3348,25,2026-01-04,199992.0,Completed
405,1451,30,2026-04-23,85981.0,Pending
406,343,20,2026-07-08,31692.0,Cancelled
407,896,15,2026-04-27,55993.0,Completed
408,4569,13,2026-05-13,40117.0,Completed
409,3780,6,2026-04-19,42589.0,Pending
410,741,24,2026-05-09,360.0,Pending
411,3388,11,2026-04-26,2792.0,Cancelled
412,1655,29,2026-04-27,5994.0,Completed
413,1013,3,2026-01-30,33288.0,Pending
414,4509,13,2026-01-12,17997.0,Completed
415,1185,6,2026-07-16,288732.0,Completed
416,964,29,2026-02-03,4495.0,Completed
417,3758,16,2026-08-07,5036.0,Completed
418,4824,22,2026-05-02,130997.0,Completed
419,4484,9,2026-06-08,5699.0,Completed
420,301,5,2026-08-07,12495.0,Completed
421,719,2,2026-01-28,28742.0,Pending
422,4743,12,2026-08-27,9495.0,Completed
423,3020,29,2026-04-08,2093.0,Cancelled
424,532,10,2026-05-01,16495.0,Completed
425,4318,14,2026-05-15,4796.0,Cancelled
426,477,4,2026-05-27,248280.0,Cancelled
427,2593,9,2026-05-15,101576.0,Completed
428,4993,8,2026-07-01,1079.0,Pending
429,967,24,2026-08-06,15393.0,Pending
430,373,11,2026-03-31,20086.0,Completed
431,2522,10,2026-05-10,18786.0,Pending
432,4661,20,2026-01-08,540.0,Completed
433,3925,30,2026-05-02,4797.0,Pending
434,1273,21,2026-04-28,303988.0,Cancelled
435,4390,1,2026-02-23,42090.0,Completed
436,2779,13,2026-06-10,82888.0,Completed
437,2577,23,2026-01-09,399588.0,Completed
438,3703,27,2026-03-19,2995.0,Completed
439,920,12,2026-07-20,11996.0,Completed
440,3636,17,2026-01-07,29990.0,Pending
441,4290,10,2026-07-18,6295.0,Completed
442,300,15,2026-04-10,92292.0,Completed
443,3825,29,2026-01-12,84995.0,Completed
444,4732,25,2026-03-21,10210.0,Cancelled
445,2615,25,2026-04-23,20890.0,Completed
446,4585,17,2026-01-27,1080.0,Cancelled
447,2610,9,2026-02-06,51590.0,Cancelled
448,2775,18,2026-04-24,1199.0,Pending
449,414,4,2026-04-09,13293.0,Pending
450,1467,23,2026-06-02,242181.0,Completed
451,1624,23,2026-07-14,29287.0,Pending
452,797,15,2026-03-21,25180.0,Completed
453,1178,28,2026-08-18,380385.0,Pending
454,3994,1,2026-01-17,58384.0,Completed
455,2313,25,2026-03-31,48989.0,Completed
456,4556,21,2026-01-19,23086.0,Completed
457,1997,18,2026-02-10,68790.0,Cancelled
458,3532,26,2026-04-22,7134.0,Cancelled
459,3987,4,2026-06-01,15050.0,Completed
460,3325,3,2026-06-03,5593.0,Completed
461,4050,21,2026-06-19,7596.0,Completed
462,4758,29,2026-07-13,12884.0,Pending
463,4735,15,2026-02-20,4794.0,Completed
464,4672,26,2026-08-22,59691.0,Cancelled
465,4182,13,2026-08-05,699.0,Completed
466,4497,2,2026-01-01,27595.0,Pending
467,4835,13,2026-06-10,76286.0,Pending
468,4466,7,2026-06-19,8997.0,Completed
469,4551,13,2026-08-04,167992.0,Completed
470,96,3,2026-06-15,4792.0,Pending
471,1113,3,2026-02-05,242082.0,Cancelled
472,3475,18,2026-07-29,57493.0,Pending
473,4953,1,2026-05-28,56088.0,Cancelled
474,4722,12,2026-01-09,4792.0,Completed
475,928,19,2026-05-04,33285.0,Cancelled
476,4998,3,2026-03-04,107993.0,Cancelled
477,433,29,2026-03-29,61978.0,Pending
478,2892,26,2026-03-17,37490.0,Completed
479,3877,19,2026-02-13,50086.0,Completed
480,1039,17,2026-01-20,10990.0,Completed
481,117,24,2026-01-29,205033.0,Completed
482,2141,26,2026-06-29,26997.0,Cancelled
483,272,11,2026-01-22,83997.0,Pending
484,3383,25,2026-04-09,63992.0,Completed
485,1728,19,2026-07-07,25693.0,Completed
486,1373,15,2026-04-13,26189.0,Pending
487,3888,9,2026-02-07,235479.0,Cancelled
488,337,4,2026-08-23,156484.0,Completed
489,806,9,2026-06-17,233386.0,Completed
490,2567,18,2026-01-03,398388.0,Completed
491,1798,24,2026-03-14,1088.0,Completed
492,4868,22,2026-08-17,55998.0,Completed
493,708,28,2026-06-04,26997.0,Completed
494,1510,9,2026-03-17,88987.0,Pending
495,2650,9,2026-02-11,3499.0,Pending
496,3184,11,2026-01-16,7090.0,Pending
497,1644,20,2026-04-11,12792.0,Completed
498,1179,18,2026-07-16,19190.0,Completed
499,847,2,2026-01-19,6495.0,Pending
500,154,29,2026-05-08,1299.0,Completed
