movement_id,product_id,warehouse_id,movement_type,quantity,movement_date,reference_type,reference_id
1,16,1,ADJUSTMENT,35,2026-02-05,Sale,429
2,28,3,IN,38,2026-02-14,Sale,33
3,16,1,OUT,10,2026-07-13,Sale,87
4,90,5,OUT,36,2026-02-12,Sale,125
5,75,5,IN,9,2026-01-26,Adjustment,314
6,49,4,IN,2,2026-08-14,Sale,42
7,1,1,IN,12,2026-08-26,Purchase,362
8,84,4,ADJUSTMENT,19,2026-04-17,Adjustment,414
9,99,4,OUT,45,2026-02-02,Purchase,74
10,82,2,OUT,34,2026-04-26,Sale,123
11,23,3,ADJUSTMENT,45,2026-01-10,Adjustment,93
12,92,2,OUT,40,2026-01-23,Adjustment,424
13,39,4,OUT,27,2026-01-02,Adjustment,121
14,25,5,IN,34,2026-01-25,Adjustment,186
15,98,3,ADJUSTMENT,33,2026-02-26,Sale,395
16,81,1,IN,18,2026-01-14,Purchase,58
17,20,5,OUT,32,2026-02-15,Purchase,344
18,6,1,IN,42,2026-04-04,Sale,108
19,56,1,OUT,22,2026-06-07,Sale,23
20,14,4,IN,35,2026-02-15,Purchase,403
21,4,4,OUT,33,2026-01-30,Purchase,459
22,31,1,OUT,38,2026-05-29,Sale,215
23,26,1,OUT,15,2026-07-19,Purchase,167
24,30,5,IN,16,2026-07-08,Sale,446
25,26,1,OUT,15,2026-01-19,Sale,300
26,63,3,IN,28,2026-02-07,Purchase,476
27,79,4,OUT,12,2026-04-10,Sale,70
28,59,4,IN,41,2026-04-02,Sale,104
29,43,3,IN,3,2026-06-27,Adjustment,31
30,36,1,IN,8,2026-08-07,Sale,235
31,54,4,IN,49,2026-03-29,Purchase,454
32,38,3,ADJUSTMENT,11,2026-07-22,Adjustment,488
33,79,4,IN,37,2026-05-22,Purchase,45
34,53,3,ADJUSTMENT,32,2026-08-09,Purchase,303
35,61,1,OUT,18,2026-01-04,Adjustment,220
36,95,5,IN,16,2026-03-25,Sale,297
37,29,4,ADJUSTMENT,10,2026-08-22,Adjustment,460
38,1,1,OUT,3,2026-01-11,Sale,376
39,99,4,ADJUSTMENT,3,2026-04-19,Adjustment,202
40,62,2,IN,29,2026-05-07,Purchase,43
41,72,2,IN,45,2026-07-07,Sale,487
42,28,3,IN,23,2026-03-17,Purchase,332
43,12,2,IN,31,2026-06-21,Sale,83
44,91,1,OUT,37,2026-07-11,Adjustment,13
45,59,4,OUT,50,2026-02-05,Adjustment,208
46,24,4,OUT,41,2026-04-29,Adjustment,325
47,1,1,IN,25,2026-08-17,Adjustment,171
48,68,3,IN,19,2026-04-20,Sale,358
49,79,4,ADJUSTMENT,37,2026-07-23,Purchase,404
50,88,3,IN,40,2026-08-14,Sale,377
51,8,3,ADJUSTMENT,44,2026-04-04,Purchase,57
52,50,5,OUT,30,2026-06-08,Purchase,188
53,47,2,IN,42,2026-05-24,Adjustment,35
54,72,2,IN,9,2026-03-27,Purchase,277
55,15,5,OUT,48,2026-08-29,Adjustment,447
56,90,5,IN,49,2026-07-10,Purchase,165
57,46,1,OUT,33,2026-06-24,Sale,142
58,7,2,IN,24,2026-03-30,Sale,249
59,65,5,ADJUSTMENT,8,2026-05-01,Adjustment,273
60,87,2,ADJUSTMENT,19,2026-04-26,Adjustment,189
61,87,2,IN,13,2026-08-17,Sale,45
62,11,1,OUT,12,2026-03-15,Purchase,56
63,22,2,OUT,8,2026-06-28,Purchase,255
64,20,5,IN,34,2026-06-10,Purchase,151
65,54,4,ADJUSTMENT,9,2026-05-02,Sale,216
66,57,2,IN,19,2026-02-18,Purchase,12
67,30,5,ADJUSTMENT,42,2026-03-27,Sale,297
68,44,4,OUT,32,2026-06-01,Adjustment,357
69,68,3,ADJUSTMENT,29,2026-04-28,Sale,291
70,17,2,OUT,11,2026-07-22,Sale,117
71,62,2,OUT,19,2026-07-17,Purchase,76
72,46,1,OUT,30,2026-02-12,Adjustment,474
73,21,1,ADJUSTMENT,19,2026-02-16,Purchase,430
74,91,1,IN,11,2026-03-02,Purchase,22
75,41,1,ADJUSTMENT,9,2026-04-23,Sale,190
76,24,4,IN,36,2026-07-01,Purchase,341
77,41,1,OUT,10,2026-04-06,Sale,277
78,21,1,ADJUSTMENT,20,2026-02-01,Purchase,208
79,64,4,IN,30,2026-08-26,Sale,80
80,1,1,ADJUSTMENT,33,2026-03-26,Adjustment,362
81,38,3,OUT,19,2026-08-30,Adjustment,342
82,19,4,ADJUSTMENT,47,2026-08-21,Sale,174
83,89,4,IN,47,2026-05-03,Purchase,72
84,87,2,ADJUSTMENT,8,2026-03-20,Purchase,206
85,80,5,IN,29,2026-04-02,Purchase,168
86,8,3,ADJUSTMENT,42,2026-02-19,Adjustment,270
87,29,4,OUT,13,2026-01-06,Purchase,276
88,58,3,IN,33,2026-04-11,Purchase,252
89,41,1,ADJUSTMENT,39,2026-05-11,Purchase,466
90,86,1,OUT,26,2026-02-07,Adjustment,438
91,55,5,OUT,25,2026-04-06,Purchase,146
92,45,5,OUT,20,2026-04-25,Adjustment,45
93,28,3,OUT,48,2026-04-17,Sale,148
94,21,1,OUT,47,2026-08-18,Sale,72
95,76,1,ADJUSTMENT,6,2026-02-06,Purchase,156
96,61,1,ADJUSTMENT,22,2026-01-17,Adjustment,388
97,49,4,IN,1,2026-04-15,Adjustment,469
98,35,5,OUT,12,2026-05-23,Sale,364
99,73,3,IN,13,2026-02-17,Sale,149
100,71,1,OUT,3,2026-07-30,Sale,428
101,75,5,OUT,32,2026-05-24,Adjustment,238
102,29,4,IN,1,2026-02-09,Sale,154
103,82,2,OUT,8,2026-06-17,Adjustment,458
104,37,2,OUT,12,2026-05-06,Adjustment,331
105,32,2,IN,8,2026-07-15,Sale,253
106,9,4,ADJUSTMENT,48,2026-04-03,Adjustment,247
107,73,3,OUT,17,2026-06-10,Adjustment,244
108,89,4,IN,24,2026-05-12,Adjustment,295
109,3,3,OUT,11,2026-05-29,Purchase,75
110,41,1,OUT,45,2026-02-04,Sale,84
111,7,2,OUT,24,2026-04-18,Adjustment,467
112,46,1,IN,19,2026-03-16,Adjustment,328
113,10,5,ADJUSTMENT,13,2026-07-16,Adjustment,94
114,98,3,IN,39,2026-07-12,Purchase,279
115,42,2,OUT,44,2026-07-24,Sale,139
116,88,3,OUT,7,2026-05-17,Adjustment,181
117,19,4,IN,9,2026-05-13,Sale,191
118,100,5,OUT,27,2026-03-29,Purchase,53
119,28,3,IN,33,2026-02-26,Purchase,408
120,72,2,ADJUSTMENT,45,2026-08-01,Adjustment,434
121,69,4,ADJUSTMENT,45,2026-07-13,Purchase,214
122,59,4,IN,8,2026-07-29,Purchase,473
123,3,3,OUT,23,2026-03-21,Adjustment,186
124,18,3,OUT,39,2026-05-14,Sale,89
125,91,1,OUT,2,2026-07-10,Purchase,114
126,17,2,IN,45,2026-02-28,Sale,65
127,27,2,IN,6,2026-04-19,Adjustment,391
128,15,5,IN,2,2026-07-18,Sale,388
129,56,1,IN,13,2026-01-28,Purchase,407
130,85,5,ADJUSTMENT,38,2026-01-16,Sale,61
131,33,3,IN,5,2026-03-19,Adjustment,6
132,97,2,IN,8,2026-08-24,Adjustment,106
133,76,1,IN,12,2026-06-21,Sale,15
134,12,2,IN,48,2026-08-30,Sale,486
135,75,5,OUT,23,2026-02-11,Adjustment,400
136,94,4,ADJUSTMENT,16,2026-05-10,Adjustment,35
137,13,3,ADJUSTMENT,49,2026-01-04,Adjustment,112
138,92,2,IN,19,2026-02-13,Adjustment,3
139,93,3,IN,14,2026-08-24,Adjustment,436
140,91,1,OUT,24,2026-06-28,Adjustment,95
141,57,2,IN,12,2026-08-02,Sale,195
142,55,5,IN,33,2026-02-28,Sale,58
143,98,3,OUT,8,2026-04-30,Purchase,267
144,18,3,OUT,49,2026-04-03,Adjustment,148
145,72,2,IN,6,2026-03-25,Sale,60
146,50,5,OUT,30,2026-06-03,Adjustment,160
147,88,3,OUT,15,2026-05-22,Sale,149
148,55,5,IN,5,2026-08-18,Sale,481
149,87,2,OUT,12,2026-01-04,Adjustment,252
150,87,2,IN,26,2026-04-23,Adjustment,338
151,87,2,IN,8,2026-02-06,Sale,206
152,89,4,ADJUSTMENT,7,2026-07-09,Purchase,34
153,47,2,IN,22,2026-02-21,Adjustment,433
154,52,2,IN,15,2026-08-03,Sale,372
155,64,4,OUT,49,2026-07-02,Adjustment,304
156,35,5,OUT,23,2026-05-02,Adjustment,309
157,52,2,OUT,33,2026-03-13,Purchase,394
158,59,4,IN,8,2026-03-06,Sale,255
159,30,5,IN,2,2026-01-26,Adjustment,28
160,9,4,OUT,44,2026-01-07,Purchase,196
161,78,3,OUT,10,2026-03-19,Adjustment,320
162,13,3,IN,43,2026-07-12,Adjustment,393
163,64,4,OUT,13,2026-03-17,Adjustment,255
164,63,3,ADJUSTMENT,17,2026-05-19,Sale,415
165,70,5,ADJUSTMENT,2,2026-07-15,Purchase,221
166,16,1,OUT,29,2026-03-22,Sale,227
167,59,4,IN,3,2026-02-15,Adjustment,338
168,100,5,OUT,46,2026-02-12,Sale,221
169,18,3,OUT,46,2026-04-10,Sale,392
170,15,5,ADJUSTMENT,44,2026-05-06,Adjustment,284
171,88,3,ADJUSTMENT,37,2026-05-01,Sale,288
172,21,1,ADJUSTMENT,4,2026-04-11,Sale,254
173,76,1,OUT,40,2026-06-23,Sale,393
174,37,2,OUT,4,2026-01-08,Adjustment,24
175,17,2,OUT,23,2026-07-27,Adjustment,299
176,4,4,OUT,25,2026-01-25,Sale,177
177,46,1,OUT,23,2026-01-15,Adjustment,126
178,32,2,IN,42,2026-03-21,Adjustment,44
179,89,4,IN,20,2026-01-30,Sale,87
180,3,3,ADJUSTMENT,21,2026-01-10,Sale,337
181,55,5,ADJUSTMENT,33,2026-08-19,Sale,137
182,3,3,OUT,38,2026-01-06,Sale,194
183,74,4,OUT,21,2026-05-27,Purchase,414
184,63,3,IN,45,2026-06-22,Purchase,173
185,64,4,ADJUSTMENT,49,2026-06-20,Sale,86
186,79,4,OUT,24,2026-04-22,Purchase,255
187,82,2,IN,35,2026-02-24,Sale,136
188,7,2,OUT,37,2026-04-13,Purchase,320
189,96,1,IN,46,2026-08-05,Adjustment,49
190,76,1,OUT,18,2026-01-18,Adjustment,411
191,68,3,OUT,28,2026-02-23,Sale,408
192,10,5,OUT,33,2026-07-25,Sale,222
193,85,5,ADJUSTMENT,21,2026-02-21,Sale,206
194,33,3,ADJUSTMENT,33,2026-04-27,Adjustment,391
195,71,1,IN,2,2026-06-10,Adjustment,265
196,24,4,ADJUSTMENT,32,2026-02-24,Adjustment,493
197,96,1,OUT,18,2026-08-28,Adjustment,273
198,79,4,OUT,37,2026-07-06,Adjustment,31
199,67,2,IN,24,2026-04-29,Purchase,124
200,20,5,OUT,28,2026-04-16,Sale,441
201,9,4,IN,27,2026-03-10,Sale,331
202,21,1,OUT,44,2026-06-03,Purchase,208
203,31,1,IN,10,2026-02-19,Purchase,126
204,40,5,OUT,32,2026-05-24,Sale,217
205,83,3,IN,13,2026-02-10,Sale,70
206,4,4,OUT,18,2026-06-18,Adjustment,91
207,83,3,IN,47,2026-05-05,Purchase,29
208,11,1,OUT,39,2026-03-18,Purchase,462
209,53,3,OUT,43,2026-06-18,Purchase,204
210,93,3,IN,16,2026-01-29,Adjustment,377
211,65,5,IN,34,2026-06-20,Adjustment,487
212,100,5,ADJUSTMENT,17,2026-05-08,Purchase,122
213,77,2,IN,50,2026-07-26,Sale,169
214,75,5,OUT,48,2026-07-10,Purchase,479
215,55,5,IN,10,2026-01-28,Purchase,110
216,36,1,OUT,27,2026-03-07,Adjustment,29
217,63,3,ADJUSTMENT,24,2026-06-29,Purchase,163
218,70,5,OUT,31,2026-06-24,Purchase,494
219,36,1,IN,24,2026-05-02,Adjustment,189
220,40,5,IN,42,2026-08-20,Adjustment,18
221,95,5,IN,45,2026-08-23,Adjustment,123
222,33,3,ADJUSTMENT,25,2026-03-21,Adjustment,491
223,90,5,OUT,44,2026-02-01,Adjustment,444
224,31,1,OUT,25,2026-01-03,Sale,475
225,33,3,OUT,6,2026-08-28,Purchase,153
226,27,2,IN,29,2026-06-11,Sale,451
227,99,4,OUT,3,2026-03-12,Purchase,422
228,100,5,OUT,31,2026-07-08,Sale,475
229,43,3,OUT,7,2026-07-31,Purchase,358
230,34,4,ADJUSTMENT,5,2026-04-01,Sale,309
231,94,4,ADJUSTMENT,48,2026-03-25,Sale,356
232,4,4,IN,42,2026-06-14,Purchase,323
233,57,2,IN,1,2026-04-13,Purchase,322
234,40,5,OUT,37,2026-01-22,Purchase,81
235,32,2,ADJUSTMENT,46,2026-07-16,Adjustment,391
236,17,2,ADJUSTMENT,44,2026-04-16,Sale,232
237,62,2,IN,17,2026-02-14,Adjustment,304
238,42,2,OUT,13,2026-01-22,Sale,189
239,24,4,OUT,25,2026-08-30,Adjustment,115
240,3,3,IN,36,2026-06-15,Adjustment,321
241,30,5,IN,30,2026-02-20,Sale,360
242,22,2,IN,26,2026-06-08,Sale,308
243,34,4,IN,6,2026-04-05,Purchase,485
244,73,3,IN,1,2026-07-03,Adjustment,223
245,99,4,OUT,44,2026-05-07,Purchase,115
246,92,2,IN,13,2026-08-31,Sale,148
247,96,1,OUT,25,2026-02-03,Sale,439
248,27,2,ADJUSTMENT,14,2026-07-30,Sale,373
249,87,2,IN,27,2026-02-16,Sale,406
250,19,4,IN,19,2026-03-09,Purchase,317
251,58,3,IN,24,2026-05-30,Adjustment,332
252,59,4,IN,1,2026-05-01,Purchase,447
253,42,2,OUT,44,2026-02-24,Adjustment,197
254,91,1,OUT,48,2026-06-02,Sale,38
255,13,3,ADJUSTMENT,4,2026-01-14,Sale,477
256,31,1,OUT,23,2026-06-05,Adjustment,496
257,77,2,IN,1,2026-03-06,Adjustment,318
258,49,4,OUT,26,2026-06-21,Sale,68
259,72,2,IN,38,2026-02-15,Sale,87
260,65,5,OUT,22,2026-08-13,Sale,68
261,12,2,OUT,46,2026-05-16,Sale,73
262,34,4,IN,21,2026-01-12,Purchase,256
263,36,1,OUT,28,2026-03-14,Sale,314
264,98,3,OUT,34,2026-03-22,Sale,458
265,22,2,OUT,48,2026-05-06,Purchase,285
266,85,5,OUT,4,2026-02-18,Purchase,28
267,30,5,IN,3,2026-05-01,Sale,84
268,91,1,OUT,28,2026-01-30,Sale,21
269,57,2,OUT,46,2026-05-24,Sale,235
270,64,4,IN,47,2026-08-10,Purchase,64
271,45,5,IN,14,2026-08-11,Sale,93
272,22,2,ADJUSTMENT,18,2026-05-25,Adjustment,300
273,28,3,ADJUSTMENT,1,2026-05-15,Adjustment,93
274,54,4,IN,16,2026-07-16,Sale,347
275,13,3,OUT,2,2026-03-14,Adjustment,349
276,16,1,OUT,24,2026-06-01,Purchase,429
277,42,2,IN,2,2026-01-21,Sale,426
278,91,1,OUT,30,2026-06-10,Sale,305
279,85,5,IN,22,2026-01-12,Adjustment,319
280,58,3,OUT,47,2026-07-07,Adjustment,67
281,28,3,IN,42,2026-03-14,Sale,409
282,8,3,IN,36,2026-06-04,Sale,48
283,52,2,OUT,12,2026-03-03,Sale,46
284,3,3,IN,11,2026-04-10,Sale,146
285,83,3,IN,8,2026-03-18,Sale,411
286,56,1,OUT,44,2026-06-04,Purchase,184
287,86,1,IN,24,2026-05-12,Purchase,251
288,58,3,OUT,31,2026-03-10,Adjustment,308
289,55,5,IN,49,2026-04-19,Sale,315
290,24,4,OUT,41,2026-04-20,Purchase,21
291,66,1,OUT,30,2026-06-23,Purchase,332
292,88,3,IN,32,2026-05-15,Adjustment,332
293,68,3,IN,19,2026-04-30,Sale,41
294,62,2,OUT,10,2026-02-02,Adjustment,463
295,39,4,IN,34,2026-04-20,Sale,292
296,7,2,ADJUSTMENT,5,2026-08-23,Purchase,263
297,14,4,ADJUSTMENT,28,2026-04-16,Purchase,238
298,85,5,ADJUSTMENT,17,2026-04-01,Sale,300
299,11,1,ADJUSTMENT,2,2026-01-30,Adjustment,339
300,60,5,IN,12,2026-08-04,Sale,24
301,11,1,OUT,46,2026-03-18,Sale,301
302,93,3,OUT,49,2026-06-21,Sale,320
303,34,4,OUT,12,2026-02-24,Purchase,41
304,96,1,ADJUSTMENT,17,2026-08-12,Adjustment,55
305,56,1,ADJUSTMENT,2,2026-01-02,Sale,60
306,2,2,IN,42,2026-05-03,Sale,355
307,52,2,ADJUSTMENT,47,2026-05-05,Sale,317
308,79,4,OUT,45,2026-06-22,Adjustment,346
309,51,1,OUT,6,2026-02-02,Purchase,8
310,25,5,IN,2,2026-06-28,Purchase,440
311,4,4,IN,31,2026-06-16,Purchase,333
312,31,1,OUT,41,2026-08-08,Adjustment,98
313,12,2,OUT,50,2026-04-29,Purchase,243
314,55,5,IN,8,2026-02-12,Purchase,379
315,90,5,OUT,32,2026-05-01,Purchase,441
316,58,3,ADJUSTMENT,16,2026-02-21,Sale,292
317,51,1,IN,22,2026-01-03,Purchase,323
318,92,2,OUT,27,2026-08-06,Sale,378
319,75,5,ADJUSTMENT,47,2026-05-22,Sale,19
320,63,3,OUT,32,2026-05-12,Adjustment,372
321,79,4,OUT,15,2026-07-02,Purchase,271
322,3,3,OUT,37,2026-03-22,Adjustment,33
323,35,5,OUT,31,2026-01-30,Sale,319
324,83,3,OUT,29,2026-06-28,Sale,11
325,21,1,OUT,47,2026-02-19,Sale,177
326,57,2,IN,33,2026-02-26,Adjustment,466
327,88,3,OUT,39,2026-08-07,Adjustment,337
328,60,5,IN,19,2026-07-05,Adjustment,200
329,54,4,OUT,31,2026-07-24,Purchase,319
330,27,2,OUT,45,2026-07-11,Purchase,342
331,62,2,IN,12,2026-02-21,Purchase,311
332,63,3,IN,27,2026-08-30,Sale,156
333,31,1,IN,36,2026-01-13,Purchase,184
334,34,4,OUT,44,2026-02-10,Purchase,424
335,65,5,IN,5,2026-03-28,Sale,59
336,80,5,IN,8,2026-05-24,Purchase,250
337,34,4,OUT,23,2026-07-16,Purchase,395
338,72,2,OUT,10,2026-08-07,Adjustment,448
339,66,1,ADJUSTMENT,43,2026-01-27,Adjustment,26
340,57,2,OUT,49,2026-01-29,Purchase,401
341,79,4,ADJUSTMENT,7,2026-07-30,Adjustment,22
342,65,5,IN,11,2026-06-11,Purchase,446
343,27,2,OUT,11,2026-07-06,Sale,363
344,57,2,ADJUSTMENT,32,2026-07-07,Purchase,79
345,83,3,OUT,22,2026-07-29,Purchase,63
346,26,1,OUT,27,2026-07-16,Purchase,126
347,61,1,OUT,19,2026-05-10,Purchase,44
348,35,5,OUT,46,2026-07-13,Sale,185
349,81,1,IN,10,2026-07-12,Adjustment,216
350,30,5,IN,28,2026-04-16,Sale,460
351,59,4,ADJUSTMENT,44,2026-04-03,Purchase,227
352,19,4,IN,46,2026-07-26,Adjustment,484
353,9,4,IN,22,2026-03-22,Sale,396
354,22,2,OUT,4,2026-04-11,Purchase,339
355,83,3,IN,37,2026-01-15,Adjustment,366
356,85,5,ADJUSTMENT,19,2026-04-18,Sale,454
357,88,3,ADJUSTMENT,20,2026-07-04,Adjustment,161
358,45,5,IN,18,2026-08-19,Adjustment,313
359,19,4,OUT,29,2026-06-14,Purchase,455
360,70,5,ADJUSTMENT,40,2026-06-16,Sale,358
361,45,5,OUT,50,2026-02-20,Sale,44
362,5,5,ADJUSTMENT,22,2026-04-10,Adjustment,369
363,95,5,IN,34,2026-05-19,Sale,110
364,12,2,ADJUSTMENT,36,2026-03-21,Adjustment,175
365,97,2,IN,2,2026-01-08,Adjustment,304
366,34,4,IN,50,2026-03-19,Adjustment,217
367,65,5,IN,47,2026-01-16,Sale,133
368,81,1,ADJUSTMENT,23,2026-02-01,Purchase,388
369,84,4,IN,29,2026-03-18,Adjustment,378
370,1,1,OUT,22,2026-03-02,Adjustment,298
371,73,3,ADJUSTMENT,39,2026-03-01,Sale,154
372,37,2,ADJUSTMENT,44,2026-02-05,Adjustment,194
373,67,2,IN,7,2026-03-25,Adjustment,299
374,25,5,OUT,30,2026-01-26,Purchase,365
375,55,5,OUT,6,2026-01-24,Purchase,218
376,17,2,OUT,14,2026-04-25,Purchase,190
377,87,2,ADJUSTMENT,26,2026-05-31,Adjustment,266
378,100,5,OUT,17,2026-05-30,Sale,326
379,55,5,OUT,45,2026-08-27,Sale,375
380,54,4,IN,10,2026-05-10,Purchase,249
381,92,2,OUT,9,2026-06-30,Adjustment,442
382,68,3,IN,45,2026-02-24,Sale,243
383,5,5,IN,36,2026-04-05,Purchase,309
384,53,3,IN,8,2026-04-05,Adjustment,149
385,6,1,ADJUSTMENT,10,2026-01-31,Sale,157
386,48,3,OUT,19,2026-05-05,Purchase,406
387,19,4,IN,38,2026-04-18,Purchase,480
388,40,5,OUT,14,2026-02-16,Adjustment,251
389,1,1,IN,36,2026-03-31,Purchase,446
390,6,1,OUT,31,2026-05-27,Sale,290
391,58,3,OUT,25,2026-05-02,Adjustment,427
392,78,3,IN,49,2026-02-05,Adjustment,326
393,59,4,OUT,43,2026-04-25,Purchase,444
394,94,4,OUT,6,2026-07-24,Adjustment,341
395,80,5,OUT,25,2026-03-01,Sale,174
396,70,5,IN,43,2026-08-16,Sale,377
397,36,1,IN,11,2026-07-01,Purchase,293
398,81,1,OUT,36,2026-06-15,Purchase,330
399,72,2,IN,13,2026-06-08,Adjustment,296
400,97,2,IN,37,2026-05-14,Purchase,385
401,61,1,ADJUSTMENT,2,2026-01-31,Adjustment,480
402,69,4,IN,2,2026-03-12,Purchase,126
403,91,1,ADJUSTMENT,29,2026-01-22,Adjustment,311
404,42,2,OUT,38,2026-01-12,Sale,442
405,3,3,OUT,28,2026-02-16,Sale,13
406,68,3,OUT,25,2026-03-07,Purchase,59
407,13,3,ADJUSTMENT,11,2026-03-15,Purchase,94
408,33,3,IN,10,2026-03-20,Sale,348
409,22,2,IN,40,2026-03-25,Purchase,14
410,92,2,IN,20,2026-04-10,Purchase,164
411,19,4,OUT,21,2026-03-08,Sale,483
412,16,1,IN,13,2026-03-03,Adjustment,301
413,31,1,OUT,33,2026-07-12,Adjustment,198
414,15,5,OUT,4,2026-03-23,Sale,284
415,53,3,IN,31,2026-01-08,Sale,325
416,30,5,IN,18,2026-05-22,Adjustment,346
417,13,3,IN,49,2026-05-23,Adjustment,403
418,17,2,OUT,37,2026-04-15,Sale,43
419,82,2,ADJUSTMENT,14,2026-07-20,Purchase,192
420,70,5,IN,16,2026-05-18,Sale,493
421,72,2,OUT,3,2026-01-01,Sale,493
422,80,5,OUT,42,2026-02-12,Purchase,31
423,62,2,OUT,39,2026-03-06,Adjustment,195
424,45,5,IN,38,2026-08-04,Adjustment,145
425,6,1,IN,48,2026-05-17,Adjustment,36
426,39,4,IN,26,2026-06-28,Purchase,426
427,18,3,ADJUSTMENT,18,2026-08-13,Sale,108
428,79,4,ADJUSTMENT,21,2026-08-15,Adjustment,485
429,44,4,OUT,49,2026-07-01,Sale,140
430,32,2,OUT,22,2026-02-23,Sale,492
431,77,2,OUT,2,2026-08-22,Adjustment,69
432,83,3,IN,39,2026-05-02,Purchase,462
433,2,2,IN,27,2026-05-23,Adjustment,361
434,63,3,OUT,35,2026-01-21,Adjustment,334
435,10,5,ADJUSTMENT,2,2026-08-17,Adjustment,228
436,87,2,IN,23,2026-07-28,Sale,424
437,77,2,OUT,25,2026-02-15,Adjustment,5
438,16,1,OUT,24,2026-08-28,Purchase,228
439,2,2,IN,48,2026-01-06,Sale,349
440,91,1,OUT,13,2026-01-24,Adjustment,321
441,39,4,IN,15,2026-05-07,Sale,19
442,36,1,OUT,46,2026-06-30,Adjustment,108
443,1,1,IN,41,2026-04-12,Purchase,446
444,36,1,ADJUSTMENT,33,2026-05-07,Purchase,283
445,25,5,ADJUSTMENT,44,2026-06-24,Adjustment,290
446,23,3,IN,38,2026-02-02,Adjustment,34
447,17,2,OUT,37,2026-08-08,Purchase,452
448,67,2,OUT,13,2026-08-06,Adjustment,12
449,89,4,ADJUSTMENT,40,2026-03-06,Adjustment,287
450,59,4,IN,28,2026-06-14,Adjustment,483
451,84,4,IN,21,2026-04-21,Sale,141
452,16,1,ADJUSTMENT,30,2026-05-07,Sale,265
453,98,3,IN,47,2026-02-27,Purchase,143
454,54,4,ADJUSTMENT,29,2026-03-22,Purchase,201
455,25,5,OUT,6,2026-08-14,Adjustment,414
456,4,4,IN,45,2026-04-19,Purchase,470
457,32,2,IN,11,2026-03-26,Sale,33
458,81,1,IN,2,2026-05-03,Sale,414
459,4,4,ADJUSTMENT,41,2026-08-28,Sale,431
460,33,3,IN,7,2026-05-02,Purchase,491
461,44,4,IN,22,2026-05-14,Purchase,484
462,10,5,ADJUSTMENT,40,2026-04-23,Purchase,321
463,58,3,ADJUSTMENT,8,2026-01-22,Purchase,470
464,5,5,OUT,21,2026-08-16,Adjustment,34
465,17,2,IN,29,2026-01-15,Sale,313
466,81,1,OUT,5,2026-01-27,Adjustment,29
467,72,2,IN,19,2026-08-06,Sale,206
468,13,3,ADJUSTMENT,49,2026-04-16,Purchase,443
469,77,2,ADJUSTMENT,1,2026-04-27,Sale,238
470,55,5,ADJUSTMENT,40,2026-01-26,Sale,334
471,87,2,IN,30,2026-05-13,Sale,301
472,25,5,IN,7,2026-01-04,Adjustment,366
473,9,4,ADJUSTMENT,13,2026-08-20,Adjustment,65
474,82,2,ADJUSTMENT,17,2026-04-01,Sale,247
475,93,3,ADJUSTMENT,29,2026-02-17,Purchase,71
476,6,1,IN,9,2026-03-21,Adjustment,224
477,66,1,OUT,20,2026-05-30,Adjustment,398
478,19,4,IN,31,2026-03-21,Adjustment,176
479,38,3,OUT,1,2026-05-13,Adjustment,337
480,87,2,IN,4,2026-03-02,Adjustment,420
481,72,2,IN,28,2026-03-30,Purchase,500
482,26,1,IN,5,2026-03-29,Purchase,342
483,61,1,OUT,39,2026-06-27,Sale,437
484,75,5,ADJUSTMENT,22,2026-06-07,Sale,215
485,43,3,IN,7,2026-04-27,Purchase,254
486,29,4,IN,41,2026-02-27,Adjustment,118
487,60,5,ADJUSTMENT,14,2026-03-03,Sale,377
488,99,4,OUT,48,2026-04-07,Purchase,205
489,24,4,IN,24,2026-01-03,Purchase,184
490,4,4,ADJUSTMENT,8,2026-02-06,Sale,226
491,25,5,ADJUSTMENT,49,2026-04-03,Purchase,500
492,4,4,IN,13,2026-03-14,Purchase,113
493,34,4,IN,22,2026-08-05,Adjustment,126
494,23,3,IN,2,2026-02-15,Sale,467
495,13,3,IN,44,2026-02-05,Sale,336
496,15,5,OUT,14,2026-03-20,Sale,123
497,48,3,OUT,43,2026-02-13,Adjustment,410
498,80,5,OUT,46,2026-01-17,Purchase,74
499,17,2,IN,13,2026-05-17,Sale,356
500,48,3,OUT,39,2026-04-20,Adjustment,126
501,6,1,ADJUSTMENT,38,2026-02-18,Adjustment,151
502,20,5,OUT,16,2026-01-14,Adjustment,408
503,36,1,IN,33,2026-05-30,Sale,108
504,94,4,IN,31,2026-07-22,Adjustment,315
505,9,4,IN,33,2026-04-10,Adjustment,385
506,66,1,OUT,32,2026-05-13,Sale,92
507,42,2,OUT,34,2026-06-27,Sale,367
508,64,4,OUT,18,2026-05-29,Sale,327
509,75,5,IN,14,2026-02-26,Purchase,232
510,31,1,OUT,14,2026-03-20,Sale,456
511,49,4,ADJUSTMENT,11,2026-08-28,Sale,131
512,71,1,IN,9,2026-07-12,Purchase,152
513,57,2,ADJUSTMENT,23,2026-02-28,Adjustment,22
514,60,5,ADJUSTMENT,40,2026-03-28,Sale,231
515,60,5,OUT,27,2026-04-05,Sale,163
516,35,5,OUT,2,2026-02-15,Sale,120
517,34,4,IN,23,2026-08-19,Purchase,151
518,65,5,ADJUSTMENT,35,2026-06-14,Purchase,403
519,36,1,IN,7,2026-01-31,Purchase,185
520,5,5,ADJUSTMENT,13,2026-03-27,Purchase,346
521,43,3,OUT,20,2026-07-10,Adjustment,433
522,36,1,IN,46,2026-06-04,Purchase,438
523,97,2,ADJUSTMENT,17,2026-01-03,Sale,145
524,45,5,OUT,26,2026-07-30,Adjustment,388
525,84,4,IN,31,2026-06-17,Adjustment,390
526,20,5,OUT,15,2026-02-28,Adjustment,384
527,27,2,OUT,15,2026-05-13,Adjustment,403
528,71,1,OUT,47,2026-07-28,Sale,175
529,11,1,OUT,13,2026-04-20,Adjustment,214
530,27,2,OUT,29,2026-08-07,Adjustment,16
531,48,3,IN,37,2026-08-12,Purchase,157
532,95,5,IN,32,2026-07-27,Adjustment,428
533,46,1,OUT,15,2026-04-18,Sale,352
534,97,2,OUT,49,2026-07-19,Adjustment,276
535,39,4,OUT,38,2026-01-06,Adjustment,403
536,5,5,IN,10,2026-03-26,Adjustment,323
537,78,3,ADJUSTMENT,37,2026-08-10,Sale,196
538,27,2,OUT,5,2026-05-17,Sale,97
539,61,1,IN,22,2026-05-26,Sale,328
540,39,4,IN,11,2026-01-27,Adjustment,284
541,23,3,IN,45,2026-06-04,Sale,14
542,24,4,IN,5,2026-08-22,Sale,146
543,27,2,IN,19,2026-06-18,Adjustment,36
544,59,4,IN,24,2026-05-13,Purchase,88
545,42,2,OUT,26,2026-02-10,Purchase,67
546,69,4,OUT,31,2026-07-10,Purchase,200
547,27,2,IN,14,2026-03-21,Sale,419
548,91,1,OUT,11,2026-06-04,Adjustment,481
549,40,5,ADJUSTMENT,13,2026-05-09,Adjustment,351
550,59,4,OUT,13,2026-01-02,Purchase,229
551,9,4,OUT,39,2026-07-26,Purchase,270
552,43,3,ADJUSTMENT,32,2026-04-28,Sale,295
553,6,1,IN,19,2026-06-15,Sale,178
554,90,5,OUT,26,2026-06-06,Purchase,213
555,32,2,IN,40,2026-07-07,Sale,235
556,50,5,IN,45,2026-05-26,Purchase,202
557,90,5,IN,16,2026-08-15,Purchase,141
558,81,1,ADJUSTMENT,19,2026-06-20,Purchase,358
559,93,3,IN,32,2026-04-16,Adjustment,63
560,48,3,IN,49,2026-01-27,Adjustment,393
561,100,5,OUT,27,2026-04-26,Purchase,130
562,27,2,ADJUSTMENT,3,2026-04-29,Purchase,38
563,82,2,OUT,25,2026-03-29,Adjustment,205
564,25,5,OUT,3,2026-01-03,Sale,59
565,91,1,IN,21,2026-06-21,Adjustment,238
566,63,3,OUT,5,2026-01-22,Adjustment,337
567,32,2,OUT,9,2026-05-01,Sale,431
568,21,1,IN,2,2026-06-05,Purchase,91
569,38,3,IN,35,2026-07-09,Sale,87
570,10,5,IN,44,2026-03-11,Purchase,226
571,46,1,IN,14,2026-07-02,Purchase,458
572,87,2,ADJUSTMENT,14,2026-04-24,Adjustment,25
573,82,2,ADJUSTMENT,42,2026-06-19,Adjustment,338
574,14,4,OUT,45,2026-03-20,Sale,27
575,77,2,IN,4,2026-07-17,Sale,393
576,26,1,IN,24,2026-08-21,Purchase,103
577,12,2,IN,27,2026-01-08,Purchase,173
578,25,5,IN,15,2026-08-14,Purchase,409
579,86,1,IN,47,2026-02-12,Purchase,213
580,66,1,IN,21,2026-03-24,Adjustment,321
581,25,5,ADJUSTMENT,14,2026-08-28,Adjustment,203
582,55,5,IN,15,2026-02-24,Purchase,183
583,42,2,IN,1,2026-04-13,Adjustment,162
584,2,2,OUT,14,2026-04-28,Purchase,34
585,85,5,OUT,42,2026-06-09,Sale,23
586,9,4,IN,27,2026-03-19,Adjustment,256
587,14,4,ADJUSTMENT,37,2026-02-13,Sale,492
588,13,3,ADJUSTMENT,21,2026-06-11,Adjustment,199
589,87,2,IN,22,2026-02-14,Adjustment,390
590,89,4,OUT,43,2026-05-04,Purchase,172
591,3,3,ADJUSTMENT,38,2026-04-25,Sale,262
592,82,2,IN,33,2026-05-31,Adjustment,7
593,30,5,IN,40,2026-07-14,Purchase,159
594,31,1,OUT,49,2026-03-04,Adjustment,41
595,8,3,IN,24,2026-05-08,Sale,104
596,20,5,OUT,14,2026-06-14,Purchase,122
597,93,3,ADJUSTMENT,29,2026-07-09,Sale,69
598,36,1,OUT,42,2026-07-21,Purchase,267
599,54,4,OUT,49,2026-01-07,Purchase,434
600,94,4,OUT,22,2026-03-04,Purchase,277
601,7,2,IN,44,2026-06-28,Adjustment,114
602,78,3,OUT,34,2026-03-24,Purchase,227
603,81,1,IN,5,2026-08-11,Sale,36
604,25,5,IN,41,2026-02-06,Purchase,65
605,12,2,IN,38,2026-05-21,Purchase,121
606,65,5,IN,28,2026-07-05,Sale,160
607,22,2,IN,16,2026-04-19,Purchase,311
608,32,2,OUT,19,2026-05-28,Sale,496
609,82,2,IN,18,2026-08-09,Sale,41
610,47,2,OUT,25,2026-02-12,Sale,226
611,55,5,ADJUSTMENT,40,2026-07-08,Sale,390
612,20,5,OUT,2,2026-07-15,Sale,219
613,11,1,OUT,39,2026-05-18,Purchase,284
614,94,4,IN,17,2026-04-08,Sale,157
615,59,4,OUT,25,2026-05-24,Adjustment,247
616,10,5,OUT,9,2026-07-03,Sale,101
617,20,5,IN,1,2026-01-04,Adjustment,374
618,93,3,OUT,32,2026-04-14,Sale,482
619,51,1,OUT,25,2026-05-06,Sale,329
620,76,1,IN,27,2026-08-15,Purchase,472
621,16,1,OUT,37,2026-02-11,Purchase,391
622,56,1,OUT,50,2026-08-22,Adjustment,179
623,66,1,OUT,41,2026-06-26,Sale,357
624,8,3,OUT,28,2026-07-08,Purchase,125
625,62,2,IN,24,2026-06-11,Adjustment,347
626,4,4,IN,17,2026-06-04,Sale,484
627,88,3,IN,17,2026-03-05,Adjustment,297
628,85,5,IN,1,2026-01-30,Purchase,330
629,92,2,OUT,26,2026-06-30,Adjustment,499
630,11,1,ADJUSTMENT,13,2026-08-13,Sale,85
631,55,5,OUT,45,2026-03-19,Adjustment,496
632,69,4,OUT,38,2026-03-20,Adjustment,211
633,97,2,IN,7,2026-06-12,Adjustment,398
634,45,5,IN,18,2026-07-11,Purchase,477
635,96,1,OUT,45,2026-03-20,Purchase,87
636,63,3,IN,7,2026-01-18,Adjustment,214
637,68,3,OUT,42,2026-03-15,Adjustment,221
638,22,2,IN,24,2026-02-17,Adjustment,69
639,26,1,OUT,12,2026-05-09,Purchase,231
640,73,3,IN,12,2026-02-21,Purchase,384
641,24,4,IN,17,2026-08-19,Sale,226
642,81,1,ADJUSTMENT,7,2026-08-11,Adjustment,86
643,11,1,OUT,6,2026-04-07,Purchase,142
644,9,4,OUT,2,2026-05-30,Purchase,245
645,63,3,IN,1,2026-01-16,Sale,385
646,1,1,ADJUSTMENT,3,2026-01-25,Purchase,268
647,1,1,OUT,39,2026-05-14,Sale,478
648,63,3,OUT,49,2026-03-28,Adjustment,220
649,44,4,OUT,44,2026-08-16,Sale,162
650,31,1,OUT,43,2026-04-13,Sale,313
651,8,3,OUT,22,2026-07-26,Purchase,2
652,59,4,OUT,47,2026-08-02,Purchase,14
653,78,3,IN,34,2026-03-13,Adjustment,385
654,32,2,OUT,29,2026-06-08,Adjustment,338
655,61,1,ADJUSTMENT,27,2026-06-19,Purchase,2
656,82,2,OUT,2,2026-06-12,Sale,448
657,6,1,OUT,44,2026-04-24,Purchase,311
658,63,3,OUT,48,2026-06-06,Purchase,179
659,55,5,OUT,43,2026-08-08,Adjustment,464
660,13,3,OUT,19,2026-06-05,Purchase,365
661,19,4,ADJUSTMENT,37,2026-07-20,Adjustment,259
662,5,5,IN,32,2026-07-23,Purchase,155
663,87,2,ADJUSTMENT,30,2026-02-13,Sale,489
664,15,5,OUT,43,2026-05-19,Purchase,125
665,28,3,IN,49,2026-08-30,Adjustment,359
666,12,2,IN,28,2026-07-03,Purchase,83
667,42,2,OUT,50,2026-03-13,Purchase,369
668,33,3,OUT,43,2026-02-01,Adjustment,70
669,69,4,OUT,6,2026-07-23,Adjustment,171
670,29,4,ADJUSTMENT,50,2026-08-25,Adjustment,34
671,83,3,OUT,25,2026-08-22,Adjustment,381
672,95,5,OUT,42,2026-06-14,Adjustment,495
673,56,1,IN,15,2026-03-08,Purchase,149
674,12,2,IN,6,2026-03-29,Adjustment,304
675,25,5,IN,37,2026-04-05,Purchase,437
676,41,1,OUT,37,2026-07-08,Purchase,160
677,8,3,ADJUSTMENT,35,2026-02-18,Sale,217
678,41,1,OUT,44,2026-08-28,Purchase,267
679,85,5,ADJUSTMENT,38,2026-02-26,Purchase,203
680,2,2,ADJUSTMENT,30,2026-03-22,Purchase,418
681,38,3,IN,32,2026-06-24,Sale,76
682,77,2,OUT,10,2026-07-11,Adjustment,435
683,90,5,IN,39,2026-03-23,Sale,258
684,89,4,IN,18,2026-08-06,Adjustment,294
685,62,2,IN,32,2026-03-16,Adjustment,495
686,49,4,IN,22,2026-02-09,Adjustment,108
687,94,4,IN,45,2026-07-08,Purchase,473
688,100,5,IN,32,2026-07-06,Sale,154
689,85,5,IN,2,2026-05-21,Sale,173
690,55,5,OUT,23,2026-07-13,Sale,201
691,10,5,ADJUSTMENT,47,2026-03-14,Sale,357
692,25,5,ADJUSTMENT,26,2026-01-25,Purchase,166
693,97,2,ADJUSTMENT,4,2026-08-06,Adjustment,156
694,59,4,IN,37,2026-02-05,Sale,357
695,62,2,OUT,10,2026-02-23,Purchase,412
696,96,1,IN,48,2026-06-16,Purchase,186
697,93,3,ADJUSTMENT,7,2026-06-23,Purchase,193
698,55,5,IN,4,2026-01-25,Sale,499
699,61,1,IN,4,2026-01-31,Adjustment,333
700,44,4,ADJUSTMENT,28,2026-02-08,Adjustment,370
701,52,2,IN,3,2026-01-31,Purchase,204
702,63,3,OUT,45,2026-06-02,Purchase,335
703,96,1,OUT,50,2026-06-27,Adjustment,338
704,12,2,OUT,42,2026-04-08,Sale,324
705,84,4,OUT,24,2026-01-03,Purchase,60
706,11,1,IN,32,2026-06-14,Adjustment,466
707,66,1,IN,2,2026-05-31,Adjustment,294
708,62,2,OUT,45,2026-07-10,Purchase,407
709,76,1,IN,25,2026-05-04,Adjustment,360
710,56,1,OUT,37,2026-02-02,Purchase,167
711,9,4,ADJUSTMENT,12,2026-04-14,Adjustment,11
712,51,1,ADJUSTMENT,35,2026-07-20,Adjustment,251
713,9,4,ADJUSTMENT,38,2026-05-18,Adjustment,420
714,84,4,IN,49,2026-07-12,Purchase,495
715,85,5,IN,12,2026-08-09,Adjustment,356
716,24,4,IN,36,2026-04-25,Sale,63
717,6,1,IN,37,2026-02-22,Adjustment,83
718,12,2,ADJUSTMENT,17,2026-08-06,Purchase,44
719,16,1,ADJUSTMENT,20,2026-04-04,Adjustment,88
720,55,5,IN,16,2026-03-18,Purchase,485
721,67,2,OUT,43,2026-05-17,Sale,72
722,74,4,OUT,45,2026-03-22,Adjustment,467
723,46,1,ADJUSTMENT,35,2026-05-11,Purchase,353
724,13,3,IN,16,2026-01-10,Purchase,73
725,39,4,IN,9,2026-06-04,Adjustment,111
726,76,1,OUT,18,2026-02-02,Adjustment,319
727,55,5,IN,36,2026-03-07,Sale,196
728,84,4,IN,26,2026-04-27,Purchase,484
729,33,3,OUT,45,2026-02-06,Adjustment,105
730,10,5,OUT,41,2026-06-28,Adjustment,99
731,92,2,OUT,37,2026-06-18,Adjustment,421
732,66,1,ADJUSTMENT,11,2026-04-18,Purchase,162
733,56,1,OUT,2,2026-06-04,Purchase,40
734,35,5,IN,35,2026-01-29,Adjustment,281
735,53,3,IN,22,2026-06-13,Purchase,186
736,43,3,OUT,10,2026-08-11,Purchase,141
737,2,2,IN,25,2026-02-26,Sale,488
738,14,4,IN,12,2026-05-15,Adjustment,449
739,40,5,ADJUSTMENT,32,2026-01-25,Adjustment,179
740,90,5,ADJUSTMENT,19,2026-05-22,Sale,312
741,13,3,IN,11,2026-03-23,Sale,93
742,45,5,ADJUSTMENT,36,2026-06-02,Sale,245
743,76,1,IN,17,2026-01-03,Adjustment,263
744,92,2,IN,43,2026-02-02,Purchase,194
745,73,3,OUT,4,2026-08-24,Adjustment,328
746,48,3,IN,44,2026-06-05,Sale,362
747,59,4,IN,29,2026-04-01,Sale,258
748,37,2,OUT,28,2026-05-14,Adjustment,452
749,30,5,OUT,41,2026-08-08,Purchase,486
750,40,5,OUT,50,2026-03-22,Purchase,325
751,11,1,IN,47,2026-03-03,Purchase,85
752,74,4,IN,6,2026-07-10,Sale,284
753,64,4,IN,28,2026-06-23,Adjustment,478
754,94,4,IN,31,2026-05-08,Adjustment,351
755,87,2,ADJUSTMENT,45,2026-02-01,Sale,8
756,79,4,IN,48,2026-01-02,Adjustment,218
757,90,5,ADJUSTMENT,48,2026-03-30,Purchase,379
758,85,5,ADJUSTMENT,44,2026-06-05,Purchase,311
759,58,3,IN,44,2026-08-27,Adjustment,463
760,29,4,IN,5,2026-04-04,Purchase,264
761,46,1,IN,28,2026-05-07,Sale,88
762,48,3,IN,22,2026-08-22,Adjustment,128
763,70,5,IN,19,2026-03-18,Sale,151
764,34,4,IN,1,2026-07-08,Adjustment,292
765,51,1,IN,20,2026-08-26,Adjustment,264
766,5,5,OUT,40,2026-08-06,Sale,30
767,46,1,IN,40,2026-04-28,Sale,153
768,46,1,IN,1,2026-03-31,Adjustment,96
769,52,2,OUT,1,2026-01-26,Sale,252
770,26,1,IN,34,2026-05-12,Purchase,211
771,16,1,OUT,1,2026-02-09,Adjustment,129
772,29,4,OUT,26,2026-04-06,Sale,187
773,55,5,IN,35,2026-07-27,Sale,56
774,57,2,OUT,11,2026-02-05,Sale,383
775,56,1,IN,23,2026-08-15,Adjustment,102
776,15,5,IN,19,2026-01-11,Purchase,203
777,54,4,OUT,3,2026-02-11,Adjustment,102
778,62,2,OUT,8,2026-04-18,Sale,282
779,64,4,IN,21,2026-07-12,Sale,257
780,93,3,OUT,9,2026-01-29,Purchase,406
781,3,3,IN,10,2026-03-30,Adjustment,7
782,99,4,IN,4,2026-06-23,Sale,220
783,77,2,IN,28,2026-05-03,Sale,145
784,63,3,IN,49,2026-04-20,Purchase,317
785,20,5,ADJUSTMENT,12,2026-03-05,Sale,393
786,15,5,OUT,45,2026-03-05,Adjustment,421
787,55,5,IN,31,2026-06-30,Purchase,359
788,94,4,ADJUSTMENT,40,2026-02-16,Purchase,438
789,76,1,IN,15,2026-01-31,Purchase,206
790,5,5,OUT,13,2026-08-26,Purchase,219
791,3,3,ADJUSTMENT,13,2026-01-24,Purchase,195
792,53,3,ADJUSTMENT,20,2026-06-29,Adjustment,119
793,29,4,OUT,28,2026-05-03,Purchase,262
794,55,5,IN,20,2026-01-29,Sale,187
795,36,1,OUT,46,2026-04-18,Purchase,164
796,7,2,IN,3,2026-01-01,Purchase,339
797,96,1,OUT,14,2026-03-15,Sale,144
798,78,3,IN,28,2026-02-17,Sale,486
799,63,3,OUT,22,2026-03-19,Purchase,50
800,86,1,IN,44,2026-05-22,Purchase,170
801,47,2,OUT,48,2026-07-19,Adjustment,271
802,78,3,OUT,16,2026-06-16,Sale,108
803,75,5,OUT,6,2026-08-16,Purchase,67
804,81,1,ADJUSTMENT,8,2026-01-11,Adjustment,496
805,84,4,IN,13,2026-06-30,Sale,474
806,13,3,IN,35,2026-06-08,Sale,155
807,93,3,OUT,49,2026-02-21,Adjustment,370
808,20,5,IN,9,2026-02-19,Sale,282
809,92,2,OUT,49,2026-08-07,Adjustment,500
810,45,5,OUT,29,2026-06-11,Adjustment,61
811,56,1,IN,31,2026-04-18,Adjustment,477
812,65,5,IN,11,2026-06-03,Sale,357
813,17,2,OUT,3,2026-05-25,Purchase,407
814,89,4,IN,48,2026-07-28,Sale,254
815,88,3,ADJUSTMENT,33,2026-01-20,Purchase,225
816,97,2,ADJUSTMENT,25,2026-05-24,Sale,206
817,78,3,OUT,14,2026-02-17,Purchase,82
818,74,4,IN,38,2026-06-28,Purchase,451
819,66,1,OUT,33,2026-07-01,Adjustment,269
820,34,4,OUT,15,2026-03-17,Adjustment,138
821,71,1,IN,11,2026-02-27,Purchase,274
822,31,1,OUT,3,2026-06-13,Purchase,483
823,36,1,IN,18,2026-08-12,Purchase,329
824,32,2,IN,35,2026-01-30,Purchase,333
825,45,5,ADJUSTMENT,24,2026-03-25,Purchase,485
826,91,1,ADJUSTMENT,17,2026-07-04,Purchase,210
827,79,4,OUT,21,2026-01-15,Adjustment,418
828,2,2,OUT,15,2026-07-07,Sale,91
829,33,3,IN,35,2026-06-18,Adjustment,55
830,93,3,OUT,42,2026-03-07,Adjustment,325
831,78,3,ADJUSTMENT,14,2026-07-29,Sale,113
832,42,2,OUT,14,2026-05-29,Adjustment,414
833,97,2,OUT,10,2026-04-25,Purchase,374
834,93,3,OUT,24,2026-02-07,Sale,48
835,64,4,IN,30,2026-02-17,Purchase,97
836,73,3,OUT,47,2026-02-16,Adjustment,145
837,3,3,OUT,11,2026-08-15,Purchase,419
838,51,1,ADJUSTMENT,13,2026-01-18,Purchase,37
839,55,5,IN,30,2026-08-21,Adjustment,497
840,52,2,IN,47,2026-05-15,Purchase,373
841,97,2,IN,39,2026-01-26,Sale,197
842,3,3,IN,1,2026-07-15,Adjustment,479
843,6,1,IN,16,2026-07-17,Purchase,138
844,19,4,ADJUSTMENT,1,2026-07-22,Purchase,491
845,14,4,ADJUSTMENT,48,2026-07-29,Sale,437
846,91,1,IN,13,2026-02-05,Sale,389
847,73,3,OUT,11,2026-03-20,Sale,246
848,20,5,IN,4,2026-05-20,Adjustment,137
849,81,1,ADJUSTMENT,8,2026-01-06,Purchase,53
850,70,5,OUT,7,2026-05-11,Sale,73
851,1,1,IN,2,2026-02-28,Sale,198
852,19,4,OUT,42,2026-03-15,Purchase,472
853,88,3,OUT,44,2026-08-15,Adjustment,422
854,15,5,OUT,11,2026-01-29,Purchase,53
855,37,2,OUT,5,2026-06-07,Sale,61
856,47,2,IN,3,2026-06-04,Purchase,92
857,55,5,ADJUSTMENT,22,2026-06-03,Purchase,348
858,55,5,IN,43,2026-06-25,Sale,320
859,37,2,OUT,7,2026-03-11,Sale,339
860,48,3,OUT,46,2026-07-24,Purchase,404
861,1,1,IN,50,2026-06-17,Purchase,164
862,19,4,OUT,29,2026-07-04,Sale,418
863,9,4,IN,37,2026-04-20,Adjustment,143
864,19,4,IN,21,2026-02-02,Purchase,393
865,50,5,OUT,21,2026-05-07,Sale,247
866,89,4,OUT,39,2026-07-23,Adjustment,171
867,18,3,IN,25,2026-04-18,Adjustment,255
868,69,4,ADJUSTMENT,32,2026-05-17,Adjustment,421
869,30,5,OUT,6,2026-05-29,Adjustment,216
870,68,3,ADJUSTMENT,50,2026-06-27,Adjustment,113
871,90,5,IN,16,2026-04-03,Purchase,105
872,3,3,OUT,36,2026-05-02,Purchase,472
873,15,5,IN,23,2026-04-03,Purchase,151
874,59,4,IN,36,2026-08-27,Sale,125
875,27,2,IN,4,2026-07-11,Purchase,61
876,90,5,IN,25,2026-07-07,Purchase,357
877,55,5,OUT,4,2026-06-29,Purchase,340
878,75,5,IN,31,2026-08-03,Adjustment,446
879,21,1,IN,10,2026-04-04,Purchase,41
880,32,2,IN,1,2026-05-26,Sale,77
881,98,3,IN,31,2026-07-10,Purchase,384
882,68,3,OUT,31,2026-04-16,Adjustment,173
883,57,2,IN,19,2026-01-29,Purchase,31
884,83,3,IN,39,2026-07-12,Purchase,258
885,21,1,IN,26,2026-08-02,Sale,349
886,59,4,ADJUSTMENT,46,2026-08-01,Sale,471
887,74,4,ADJUSTMENT,20,2026-07-01,Purchase,217
888,21,1,OUT,6,2026-05-14,Sale,487
889,17,2,IN,26,2026-06-08,Purchase,113
890,51,1,IN,48,2026-05-24,Adjustment,431
891,10,5,OUT,31,2026-03-22,Adjustment,329
892,52,2,OUT,11,2026-01-14,Sale,332
893,55,5,IN,18,2026-01-28,Purchase,40
894,47,2,ADJUSTMENT,50,2026-08-05,Sale,15
895,31,1,OUT,11,2026-05-19,Purchase,34
896,28,3,ADJUSTMENT,1,2026-07-13,Sale,97
897,71,1,IN,41,2026-08-26,Purchase,124
898,35,5,IN,37,2026-05-25,Purchase,289
899,62,2,IN,4,2026-03-22,Purchase,484
900,40,5,IN,23,2026-07-12,Sale,491
901,51,1,ADJUSTMENT,13,2026-03-22,Sale,372
902,46,1,IN,45,2026-06-22,Purchase,170
903,53,3,ADJUSTMENT,7,2026-05-09,Purchase,13
904,76,1,OUT,31,2026-05-31,Purchase,149
905,21,1,IN,44,2026-04-29,Purchase,454
906,81,1,IN,46,2026-03-01,Purchase,414
907,88,3,IN,50,2026-07-03,Purchase,494
908,65,5,ADJUSTMENT,47,2026-06-05,Adjustment,268
909,99,4,OUT,29,2026-07-21,Purchase,174
910,38,3,OUT,40,2026-08-08,Sale,21
911,92,2,OUT,16,2026-02-23,Adjustment,311
912,10,5,IN,37,2026-06-10,Sale,50
913,2,2,IN,50,2026-08-11,Sale,281
914,12,2,OUT,7,2026-04-27,Sale,87
915,38,3,IN,5,2026-03-13,Adjustment,187
916,46,1,IN,5,2026-02-15,Adjustment,396
917,59,4,OUT,31,2026-03-07,Sale,333
918,18,3,IN,37,2026-05-05,Purchase,187
919,37,2,OUT,27,2026-08-08,Adjustment,470
920,88,3,IN,29,2026-04-04,Adjustment,433
921,80,5,OUT,24,2026-01-22,Adjustment,212
922,65,5,OUT,17,2026-08-13,Adjustment,22
923,80,5,IN,48,2026-07-22,Purchase,359
924,72,2,IN,10,2026-08-07,Purchase,149
925,49,4,IN,37,2026-04-13,Purchase,115
926,50,5,OUT,43,2026-01-24,Sale,239
927,60,5,ADJUSTMENT,30,2026-01-28,Purchase,93
928,94,4,IN,26,2026-07-16,Sale,103
929,52,2,OUT,5,2026-03-23,Sale,310
930,63,3,IN,45,2026-07-09,Sale,59
931,36,1,OUT,3,2026-05-20,Purchase,486
932,61,1,IN,41,2026-02-24,Sale,291
933,5,5,ADJUSTMENT,50,2026-04-08,Purchase,480
934,47,2,OUT,31,2026-02-24,Purchase,109
935,3,3,OUT,18,2026-03-06,Adjustment,91
936,11,1,IN,5,2026-03-12,Sale,42
937,39,4,OUT,27,2026-05-15,Purchase,343
938,34,4,IN,4,2026-01-24,Sale,176
939,97,2,OUT,11,2026-02-20,Sale,483
940,54,4,OUT,31,2026-05-18,Adjustment,402
941,21,1,OUT,23,2026-08-22,Adjustment,293
942,50,5,IN,36,2026-07-20,Adjustment,102
943,10,5,ADJUSTMENT,40,2026-02-07,Sale,341
944,94,4,OUT,1,2026-02-08,Sale,479
945,19,4,OUT,21,2026-01-30,Adjustment,209
946,34,4,ADJUSTMENT,47,2026-01-01,Sale,483
947,17,2,OUT,41,2026-05-29,Purchase,19
948,28,3,IN,27,2026-06-28,Adjustment,397
949,22,2,ADJUSTMENT,25,2026-02-25,Sale,108
950,25,5,ADJUSTMENT,1,2026-04-05,Sale,9
951,39,4,OUT,33,2026-07-29,Purchase,359
952,64,4,OUT,27,2026-04-16,Sale,181
953,70,5,OUT,34,2026-07-15,Sale,59
954,23,3,OUT,28,2026-04-06,Purchase,284
955,77,2,IN,35,2026-04-22,Sale,146
956,85,5,OUT,41,2026-03-14,Adjustment,318
957,13,3,IN,7,2026-01-23,Adjustment,9
958,79,4,OUT,7,2026-05-08,Adjustment,385
959,80,5,ADJUSTMENT,7,2026-06-12,Sale,258
960,75,5,IN,43,2026-03-16,Sale,109
961,29,4,OUT,36,2026-04-08,Purchase,101
962,61,1,IN,23,2026-07-23,Sale,212
963,83,3,OUT,1,2026-08-29,Sale,401
964,29,4,ADJUSTMENT,19,2026-03-10,Adjustment,136
965,40,5,OUT,44,2026-03-03,Purchase,461
966,54,4,IN,1,2026-01-07,Purchase,405
967,48,3,ADJUSTMENT,48,2026-06-03,Sale,172
968,22,2,ADJUSTMENT,28,2026-03-03,Adjustment,499
969,51,1,IN,40,2026-06-14,Sale,425
970,7,2,ADJUSTMENT,28,2026-02-02,Adjustment,200
971,94,4,IN,26,2026-08-20,Sale,265
972,21,1,OUT,15,2026-01-26,Adjustment,411
973,17,2,ADJUSTMENT,8,2026-06-11,Adjustment,402
974,51,1,OUT,36,2026-02-10,Sale,105
975,12,2,IN,2,2026-04-22,Purchase,322
976,99,4,ADJUSTMENT,10,2026-01-08,Adjustment,363
977,70,5,IN,37,2026-04-08,Purchase,381
978,94,4,IN,30,2026-06-12,Adjustment,399
979,46,1,IN,16,2026-06-17,Purchase,153
980,25,5,ADJUSTMENT,16,2026-07-05,Sale,395
981,34,4,IN,18,2026-01-22,Purchase,322
982,3,3,ADJUSTMENT,7,2026-01-29,Sale,475
983,77,2,IN,7,2026-02-06,Sale,135
984,24,4,IN,5,2026-05-07,Sale,468
985,27,2,OUT,7,2026-05-06,Purchase,212
986,10,5,OUT,41,2026-01-20,Purchase,352
987,54,4,OUT,21,2026-06-12,Sale,414
988,21,1,IN,20,2026-01-03,Purchase,338
989,73,3,ADJUSTMENT,3,2026-01-31,Sale,178
990,62,2,ADJUSTMENT,39,2026-05-20,Purchase,82
991,67,2,OUT,8,2026-02-19,Adjustment,16
992,69,4,IN,34,2026-05-12,Purchase,111
993,47,2,IN,14,2026-01-08,Sale,71
994,29,4,IN,47,2026-06-27,Purchase,138
995,36,1,OUT,13,2026-01-24,Sale,363
996,71,1,OUT,30,2026-07-10,Sale,224
997,66,1,OUT,13,2026-03-06,Purchase,102
998,88,3,OUT,26,2026-01-27,Adjustment,407
999,99,4,ADJUSTMENT,20,2026-02-12,Purchase,489
1000,93,3,OUT,28,2026-08-15,Sale,217
1001,77,2,OUT,21,2026-06-09,Purchase,311
1002,50,5,OUT,13,2026-05-26,Sale,192
1003,81,1,IN,29,2026-02-12,Purchase,491
1004,66,1,OUT,38,2026-04-15,Sale,310
1005,83,3,ADJUSTMENT,23,2026-04-12,Purchase,59
1006,24,4,OUT,28,2026-07-22,Purchase,184
1007,32,2,IN,14,2026-06-18,Sale,191
1008,19,4,OUT,8,2026-01-03,Sale,353
1009,2,2,OUT,14,2026-04-30,Adjustment,408
1010,42,2,IN,36,2026-01-17,Sale,146
1011,78,3,IN,34,2026-02-25,Purchase,288
1012,36,1,ADJUSTMENT,43,2026-01-20,Adjustment,458
1013,83,3,OUT,44,2026-07-13,Sale,163
1014,41,1,IN,13,2026-01-13,Sale,256
1015,6,1,OUT,27,2026-01-31,Purchase,232
1016,22,2,ADJUSTMENT,21,2026-06-01,Sale,122
1017,74,4,IN,19,2026-01-05,Adjustment,402
1018,74,4,IN,30,2026-03-14,Purchase,431
1019,52,2,IN,35,2026-08-24,Adjustment,21
1020,44,4,IN,5,2026-05-01,Purchase,425
1021,54,4,OUT,18,2026-03-23,Sale,205
1022,11,1,ADJUSTMENT,50,2026-03-22,Sale,314
1023,7,2,OUT,20,2026-06-28,Sale,253
1024,83,3,IN,24,2026-08-29,Adjustment,53
1025,4,4,IN,4,2026-07-31,Purchase,72
1026,14,4,OUT,45,2026-07-05,Sale,116
1027,22,2,IN,13,2026-07-05,Sale,418
1028,69,4,IN,45,2026-08-11,Purchase,133
1029,6,1,IN,4,2026-08-31,Sale,39
1030,34,4,OUT,45,2026-06-06,Sale,139
1031,90,5,IN,9,2026-05-30,Sale,62
1032,17,2,OUT,10,2026-07-12,Adjustment,455
1033,53,3,OUT,43,2026-02-01,Adjustment,271
1034,31,1,ADJUSTMENT,31,2026-06-19,Sale,500
1035,36,1,OUT,50,2026-07-07,Sale,116
1036,12,2,OUT,50,2026-03-17,Adjustment,43
1037,46,1,ADJUSTMENT,16,2026-06-18,Adjustment,377
1038,27,2,IN,5,2026-05-07,Purchase,109
1039,2,2,IN,30,2026-07-29,Sale,97
1040,63,3,IN,22,2026-02-23,Adjustment,390
1041,68,3,ADJUSTMENT,21,2026-07-14,Sale,363
1042,59,4,IN,33,2026-01-28,Purchase,113
1043,47,2,OUT,29,2026-08-11,Adjustment,263
1044,26,1,OUT,13,2026-01-18,Sale,217
1045,22,2,OUT,37,2026-06-15,Purchase,76
1046,60,5,IN,48,2026-01-29,Purchase,9
1047,59,4,IN,18,2026-01-08,Sale,339
1048,68,3,OUT,23,2026-03-09,Purchase,475
1049,71,1,IN,23,2026-04-21,Purchase,78
1050,51,1,ADJUSTMENT,28,2026-05-11,Sale,28
1051,57,2,OUT,24,2026-01-26,Purchase,333
1052,49,4,OUT,13,2026-03-17,Purchase,207
1053,23,3,ADJUSTMENT,18,2026-05-16,Adjustment,253
1054,67,2,OUT,7,2026-06-24,Purchase,331
1055,32,2,IN,15,2026-01-30,Purchase,459
1056,5,5,ADJUSTMENT,18,2026-03-03,Purchase,273
1057,13,3,OUT,15,2026-08-14,Adjustment,359
1058,92,2,OUT,26,2026-04-11,Purchase,113
1059,94,4,OUT,32,2026-02-22,Purchase,403
1060,27,2,OUT,41,2026-03-15,Adjustment,306
1061,37,2,IN,7,2026-02-17,Adjustment,465
1062,90,5,ADJUSTMENT,31,2026-07-09,Sale,437
1063,89,4,IN,11,2026-03-22,Adjustment,36
1064,22,2,IN,22,2026-08-19,Sale,73
1065,2,2,OUT,28,2026-03-27,Purchase,91
1066,34,4,IN,11,2026-06-23,Purchase,305
1067,46,1,OUT,38,2026-01-01,Sale,448
1068,32,2,OUT,8,2026-01-12,Purchase,291
1069,88,3,OUT,15,2026-05-15,Adjustment,86
1070,97,2,IN,50,2026-01-25,Purchase,156
1071,95,5,OUT,29,2026-05-06,Adjustment,180
1072,70,5,OUT,43,2026-05-05,Sale,187
1073,59,4,IN,23,2026-03-19,Adjustment,171
1074,67,2,ADJUSTMENT,31,2026-01-29,Sale,352
1075,67,2,IN,10,2026-04-16,Purchase,338
1076,19,4,OUT,32,2026-01-08,Purchase,296
1077,95,5,OUT,24,2026-02-22,Adjustment,46
1078,25,5,OUT,41,2026-01-28,Sale,450
1079,81,1,ADJUSTMENT,29,2026-08-13,Adjustment,90
1080,34,4,OUT,22,2026-04-11,Adjustment,214
1081,36,1,OUT,13,2026-01-11,Adjustment,267
1082,90,5,OUT,40,2026-02-01,Sale,408
1083,59,4,ADJUSTMENT,23,2026-03-15,Purchase,497
1084,2,2,OUT,44,2026-02-07,Sale,349
1085,20,5,ADJUSTMENT,19,2026-06-09,Adjustment,341
1086,21,1,OUT,32,2026-03-15,Purchase,410
1087,38,3,IN,30,2026-01-11,Purchase,145
1088,76,1,IN,4,2026-05-06,Sale,3
1089,56,1,OUT,43,2026-08-02,Purchase,26
1090,33,3,IN,23,2026-08-13,Sale,403
1091,65,5,ADJUSTMENT,10,2026-01-23,Adjustment,139
1092,19,4,IN,28,2026-05-30,Purchase,149
1093,29,4,IN,31,2026-08-27,Sale,128
1094,87,2,OUT,28,2026-04-13,Purchase,458
1095,34,4,OUT,39,2026-03-21,Purchase,289
1096,56,1,OUT,38,2026-02-05,Adjustment,394
1097,26,1,OUT,9,2026-04-17,Adjustment,103
1098,39,4,OUT,6,2026-03-18,Adjustment,475
1099,81,1,OUT,35,2026-02-16,Sale,401
1100,56,1,IN,9,2026-05-15,Sale,356
1101,41,1,ADJUSTMENT,44,2026-07-02,Sale,240
1102,46,1,OUT,30,2026-04-18,Sale,237
1103,4,4,ADJUSTMENT,2,2026-07-16,Sale,46
1104,97,2,IN,40,2026-08-21,Sale,403
1105,32,2,ADJUSTMENT,33,2026-04-06,Purchase,318
1106,70,5,ADJUSTMENT,19,2026-01-14,Sale,65
1107,52,2,IN,30,2026-07-26,Adjustment,236
1108,7,2,IN,4,2026-03-11,Adjustment,55
1109,43,3,ADJUSTMENT,7,2026-07-30,Sale,290
1110,62,2,OUT,4,2026-02-01,Adjustment,300
1111,87,2,ADJUSTMENT,48,2026-07-03,Purchase,360
1112,27,2,ADJUSTMENT,10,2026-05-24,Adjustment,496
1113,64,4,IN,15,2026-08-18,Adjustment,328
1114,20,5,OUT,41,2026-03-21,Adjustment,480
1115,1,1,OUT,40,2026-06-26,Purchase,59
1116,9,4,IN,10,2026-06-04,Purchase,267
1117,13,3,IN,14,2026-01-27,Sale,13
1118,65,5,OUT,26,2026-01-15,Purchase,154
1119,52,2,OUT,12,2026-07-29,Purchase,431
1120,70,5,OUT,40,2026-06-24,Sale,440
1121,85,5,ADJUSTMENT,8,2026-04-21,Purchase,326
1122,3,3,IN,10,2026-07-29,Adjustment,337
1123,31,1,IN,33,2026-07-09,Adjustment,280
1124,26,1,OUT,31,2026-03-16,Sale,342
1125,13,3,ADJUSTMENT,32,2026-04-05,Adjustment,141
1126,51,1,OUT,45,2026-07-24,Purchase,238
1127,54,4,OUT,10,2026-01-08,Sale,235
1128,16,1,ADJUSTMENT,25,2026-01-03,Adjustment,156
1129,5,5,ADJUSTMENT,29,2026-01-11,Sale,493
1130,18,3,OUT,47,2026-04-28,Sale,5
1131,21,1,OUT,33,2026-08-08,Adjustment,108
1132,45,5,ADJUSTMENT,25,2026-05-12,Purchase,90
1133,84,4,IN,23,2026-06-17,Adjustment,289
1134,44,4,OUT,46,2026-08-08,Purchase,143
1135,98,3,OUT,26,2026-01-18,Adjustment,248
1136,49,4,OUT,39,2026-06-18,Purchase,295
1137,91,1,ADJUSTMENT,50,2026-06-18,Adjustment,133
1138,17,2,OUT,38,2026-05-29,Sale,300
1139,80,5,OUT,5,2026-01-12,Purchase,437
1140,94,4,IN,15,2026-01-25,Adjustment,55
1141,64,4,OUT,21,2026-07-14,Purchase,396
1142,94,4,IN,7,2026-08-19,Purchase,373
1143,50,5,OUT,5,2026-01-16,Adjustment,129
1144,15,5,IN,48,2026-01-19,Sale,391
1145,48,3,ADJUSTMENT,41,2026-08-04,Purchase,473
1146,23,3,OUT,7,2026-06-28,Sale,194
1147,18,3,ADJUSTMENT,36,2026-02-21,Purchase,130
1148,63,3,OUT,44,2026-03-15,Purchase,104
1149,95,5,IN,28,2026-07-28,Adjustment,415
1150,25,5,IN,38,2026-01-07,Adjustment,492
1151,86,1,IN,14,2026-01-09,Purchase,458
1152,1,1,OUT,50,2026-04-15,Adjustment,280
1153,10,5,OUT,12,2026-06-24,Adjustment,491
1154,94,4,ADJUSTMENT,32,2026-02-18,Purchase,293
1155,61,1,ADJUSTMENT,23,2026-04-02,Adjustment,461
1156,72,2,IN,5,2026-04-23,Sale,321
1157,49,4,IN,37,2026-01-21,Purchase,401
1158,67,2,OUT,7,2026-01-31,Sale,119
1159,7,2,ADJUSTMENT,35,2026-03-26,Purchase,115
1160,38,3,OUT,25,2026-06-30,Sale,35
1161,21,1,OUT,5,2026-05-17,Adjustment,124
1162,67,2,ADJUSTMENT,33,2026-03-21,Sale,317
1163,8,3,ADJUSTMENT,45,2026-08-17,Purchase,299
1164,61,1,OUT,42,2026-01-08,Purchase,174
1165,54,4,OUT,13,2026-03-27,Purchase,72
1166,27,2,ADJUSTMENT,47,2026-03-26,Adjustment,468
1167,8,3,IN,32,2026-01-19,Adjustment,464
1168,79,4,IN,23,2026-01-19,Sale,307
1169,95,5,ADJUSTMENT,6,2026-08-16,Adjustment,246
1170,17,2,OUT,47,2026-01-11,Purchase,19
1171,64,4,ADJUSTMENT,15,2026-06-16,Sale,221
1172,62,2,OUT,15,2026-01-06,Purchase,14
1173,100,5,IN,35,2026-06-05,Sale,350
1174,88,3,IN,36,2026-05-04,Purchase,199
1175,99,4,OUT,45,2026-02-02,Sale,360
1176,55,5,ADJUSTMENT,9,2026-01-30,Sale,61
1177,79,4,OUT,23,2026-02-19,Sale,224
1178,8,3,IN,15,2026-01-24,Adjustment,6
1179,30,5,OUT,48,2026-07-12,Adjustment,291
1180,6,1,IN,47,2026-03-05,Purchase,40
1181,8,3,IN,29,2026-02-16,Sale,23
1182,41,1,OUT,39,2026-06-17,Purchase,150
1183,17,2,ADJUSTMENT,26,2026-05-03,Adjustment,63
1184,85,5,IN,5,2026-03-06,Adjustment,106
1185,64,4,OUT,15,2026-04-24,Adjustment,155
1186,47,2,ADJUSTMENT,19,2026-08-11,Adjustment,126
1187,68,3,OUT,21,2026-06-28,Adjustment,258
1188,14,4,IN,23,2026-08-19,Sale,362
1189,80,5,OUT,18,2026-01-21,Purchase,467
1190,18,3,ADJUSTMENT,15,2026-03-20,Adjustment,284
1191,27,2,IN,24,2026-07-05,Purchase,19
1192,31,1,OUT,42,2026-07-15,Sale,488
1193,15,5,IN,32,2026-08-03,Purchase,139
1194,36,1,ADJUSTMENT,25,2026-03-18,Purchase,31
1195,36,1,ADJUSTMENT,25,2026-05-07,Purchase,442
1196,49,4,OUT,29,2026-01-12,Purchase,106
1197,49,4,IN,43,2026-04-21,Adjustment,27
1198,85,5,OUT,3,2026-05-19,Sale,480
1199,4,4,ADJUSTMENT,49,2026-08-17,Sale,473
1200,34,4,ADJUSTMENT,14,2026-07-13,Purchase,175
