supplier_id,supplier_name,phone,email,address
1,Arun Kumar Traders,9810000001,arun.kumar.traders@supplier.com,"101 Mount Road, Chennai"
2,Bharat Electronics,9810000002,bharat.electronics@supplier.com,"102 Mount Road, Chennai"
3,Chennai Tech Supplies,9810000003,chennai.tech.supplies@supplier.com,"103 Mount Road, Chennai"
4,Digital World Distributors,9810000004,digital.world.distributors@supplier.com,"104 Mount Road, Chennai"
5,Elite Office Solutions,9810000005,elite.office.solutions@supplier.com,"105 Mount Road, Chennai"
6,Future Gadgets India,9810000006,future.gadgets.india@supplier.com,"106 Mount Road, Chennai"
7,Global IT Traders,9810000007,global.it.traders@supplier.com,"107 Mount Road, Chennai"
8,Greenline Supplies,9810000008,greenline.supplies@supplier.com,"108 Mount Road, Chennai"
9,Horizon Electronics,9810000009,horizon.electronics@supplier.com,"109 Mount Road, Chennai"
10,India Computer Mart,9810000010,india.computer.mart@supplier.com,"110 Mount Road, Chennai"
11,Arun Kumar Traders 11,9810000011,arun.kumar.traders.11@supplier.com,"111 Mount Road, Chennai"
12,Bharat Electronics 12,9810000012,bharat.electronics.12@supplier.com,"112 Mount Road, Chennai"
13,Chennai Tech Supplies 13,9810000013,chennai.tech.supplies.13@supplier.com,"113 Mount Road, Chennai"
14,Digital World Distributors 14,9810000014,digital.world.distributors.14@supplier.com,"114 Mount Road, Chennai"
15,Elite Office Solutions 15,9810000015,elite.office.solutions.15@supplier.com,"115 Mount Road, Chennai"
16,Future Gadgets India 16,9810000016,future.gadgets.india.16@supplier.com,"116 Mount Road, Chennai"
17,Global IT Traders 17,9810000017,global.it.traders.17@supplier.com,"117 Mount Road, Chennai"
18,Greenline Supplies 18,9810000018,greenline.supplies.18@supplier.com,"118 Mount Road, Chennai"
19,Horizon Electronics 19,9810000019,horizon.electronics.19@supplier.com,"119 Mount Road, Chennai"
20,India Computer Mart 20,9810000020,india.computer.mart.20@supplier.com,"120 Mount Road, Chennai"
21,Arun Kumar Traders 21,9810000021,arun.kumar.traders.21@supplier.com,"121 Mount Road, Chennai"
22,Bharat Electronics 22,9810000022,bharat.electronics.22@supplier.com,"122 Mount Road, Chennai"
23,Chennai Tech Supplies 23,9810000023,chennai.tech.supplies.23@supplier.com,"123 Mount Road, Chennai"
24,Digital World Distributors 24,9810000024,digital.world.distributors.24@supplier.com,"124 Mount Road, Chennai"
25,Elite Office Solutions 25,9810000025,elite.office.solutions.25@supplier.com,"125 Mount Road, Chennai"
26,Future Gadgets India 26,9810000026,future.gadgets.india.26@supplier.com,"126 Mount Road, Chennai"
27,Global IT Traders 27,9810000027,global.it.traders.27@supplier.com,"127 Mount Road, Chennai"
28,Greenline Supplies 28,9810000028,greenline.supplies.28@supplier.com,"128 Mount Road, Chennai"
29,Horizon Electronics 29,9810000029,horizon.electronics.29@supplier.com,"129 Mount Road, Chennai"
30,India Computer Mart 30,9810000030,india.computer.mart.30@supplier.com,"130 Mount Road, Chennai"
31,Arun Kumar Traders 31,9810000031,arun.kumar.traders.31@supplier.com,"131 Mount Road, Chennai"
32,Bharat Electronics 32,9810000032,bharat.electronics.32@supplier.com,"132 Mount Road, Chennai"
33,Chennai Tech Supplies 33,9810000033,chennai.tech.supplies.33@supplier.com,"133 Mount Road, Chennai"
34,Digital World Distributors 34,9810000034,digital.world.distributors.34@supplier.com,"134 Mount Road, Chennai"
35,Elite Office Solutions 35,9810000035,elite.office.solutions.35@supplier.com,"135 Mount Road, Chennai"
36,Future Gadgets India 36,9810000036,future.gadgets.india.36@supplier.com,"136 Mount Road, Chennai"
37,Global IT Traders 37,9810000037,global.it.traders.37@supplier.com,"137 Mount Road, Chennai"
38,Greenline Supplies 38,9810000038,greenline.supplies.38@supplier.com,"138 Mount Road, Chennai"
39,Horizon Electronics 39,9810000039,horizon.electronics.39@supplier.com,"139 Mount Road, Chennai"
40,India Computer Mart 40,9810000040,india.computer.mart.40@supplier.com,"140 Mount Road, Chennai"
41,Arun Kumar Traders 41,9810000041,arun.kumar.traders.41@supplier.com,"141 Mount Road, Chennai"
42,Bharat Electronics 42,9810000042,bharat.electronics.42@supplier.com,"142 Mount Road, Chennai"
43,Chennai Tech Supplies 43,9810000043,chennai.tech.supplies.43@supplier.com,"143 Mount Road, Chennai"
44,Digital World Distributors 44,9810000044,digital.world.distributors.44@supplier.com,"144 Mount Road, Chennai"
45,Elite Office Solutions 45,9810000045,elite.office.solutions.45@supplier.com,"145 Mount Road, Chennai"
46,Future Gadgets India 46,9810000046,future.gadgets.india.46@supplier.com,"146 Mount Road, Chennai"
47,Global IT Traders 47,9810000047,global.it.traders.47@supplier.com,"147 Mount Road, Chennai"
48,Greenline Supplies 48,9810000048,greenline.supplies.48@supplier.com,"148 Mount Road, Chennai"
49,Horizon Electronics 49,9810000049,horizon.electronics.49@supplier.com,"149 Mount Road, Chennai"
50,India Computer Mart 50,9810000050,india.computer.mart.50@supplier.com,"150 Mount Road, Chennai"
